Timepoint,Output,Rank,Feature,Mean_Abs_SHAP
TP3,TP3_MeanHU,1,TP2_MeanHU,35.48715119647679
TP3,TP3_MeanHU,2,TP2_MeanSUV,7.707474425653543
TP3,TP3_MeanHU,3,NeutralHequip_FBC50,1.2570369043340082
TP3,TP3_MeanHU,4,LoeweFIC50_acidic_Constant,0.858236361261504
TP3,TP3_MeanHU,5,LoeweFIC90_butyrate_Constant,0.6980105411824746
TP3,TP3_MeanHU,6,LoeweFIC90_valerate_Termil,0.5480658413693207
TP3,TP3_MeanHU,7,casAUC25_dormancySimplePK_Termil,0.4940021483828315
TP3,TP3_MeanHU,8,LoeweFIC50_standard_ConstantTermil,0.49333760343784466
TP3,TP3_MeanHU,9,LoeweFIC50_valerate_Termil,0.4756375602266332
TP3,TP3_MeanHU,10,AUC25_acidic_Constant,0.45269751468812164
TP3,TP3_MeanHU,11,casAUC25_cholesterolSimplePK_Termil,0.4488750217936688
TP3,TP3_MeanHU,12,casAUC25_cholesterolSimplePK_Constant,0.4395977364374972
TP3,TP3_MeanHU,13,LoeweFIC90_acidic_Termil,0.42586160171967086
TP3,TP3_MeanHU,14,casAUC25_butyrateSimplePK_Constant,0.41976685857778767
TP3,TP3_MeanHU,15,NeutralHequip_FBC90,0.3798152986487825
TP3,TP3_MeanSUV,1,TP2_MeanHU,0.2524223152478554
TP3,TP3_MeanSUV,2,TP2_MeanSUV,0.12444656266594814
TP3,TP3_MeanSUV,3,NeutralHequip_FBC50,0.008565047906403531
TP3,TP3_MeanSUV,4,casAUC25_cholesterolSimplePK_Termil,0.006304892360125373
TP3,TP3_MeanSUV,5,cellGRinf_dormancySimplePK_Constant,0.0053440081049746565
TP3,TP3_MeanSUV,6,GRinf_butyrate_Termil,0.005338956636581536
TP3,TP3_MeanSUV,7,casGRinf_dormancySimplePK_Termil,0.004852660409264121
TP3,TP3_MeanSUV,8,LoeweFIC90_butyrate_Constant,0.004843970230261471
TP3,TP3_MeanSUV,9,LoeweFIC50_acidic_Constant,0.004507429050924407
TP3,TP3_MeanSUV,10,LoeweFIC50_valerate_Termil,0.004465775936261252
TP3,TP3_MeanSUV,11,casAUC25_butyrateSimplePK_Constant,0.004231404642686258
TP3,TP3_MeanSUV,12,casAUC25_cholesterolSimplePK_Constant,0.0042160450756207534
TP3,TP3_MeanSUV,13,casAUC25_dormancySimplePK_Termil,0.004209176256167567
TP3,TP3_MeanSUV,14,cellGRinf_dormancySimplePK_Termil,0.004123223447134575
TP3,TP3_MeanSUV,15,LoeweFIC90_valerate_Termil,0.004087198854013853
TP4,TP4_MeanHU,1,TP3_MeanHU,42.45961687986047
TP4,TP4_MeanHU,2,TP2_MeanHU,6.046320689101534
TP4,TP4_MeanHU,3,TP3_MeanSUV,3.205168895093069
TP4,TP4_MeanHU,4,TP2_MeanSUV,2.7994138783576346
TP4,TP4_MeanHU,5,cellAUC25_butyrateSimplePK_Constant,1.6606654739002618
TP4,TP4_MeanHU,6,cellAUC25_butyrateSimplePK_Termil,1.3514497223306707
TP4,TP4_MeanHU,7,cellAUC25_cholesterolSimplePK_Termil,1.3244958633261619
TP4,TP4_MeanHU,8,AUC25_butyrate_Termil,1.3205315424777173
TP4,TP4_MeanHU,9,LoeweFIC90_cholesterol_Constant,1.003931145490642
TP4,TP4_MeanHU,10,casAUC25_butyrateSimplePK_Constant,0.9683573843026657
TP4,TP4_MeanHU,11,AcidicNequip_AUC50,0.8884197775357173
TP4,TP4_MeanHU,12,NeutralNcasPK_AUC50,0.7176647452470026
TP4,TP4_MeanHU,13,AcidicNequip_Einf,0.5304692835617743
TP4,TP4_MeanHU,14,casGRinf_dormancySimplePK_Termil,0.4747774541268211
TP4,TP4_MeanHU,15,NeutralNcellPK_FBC50,0.3513291206765419
TP4,TP4_MeanSUV,1,TP3_MeanHU,0.2895829193789949
TP4,TP4_MeanSUV,2,TP3_MeanSUV,0.09460697132549137
TP4,TP4_MeanSUV,3,TP2_MeanHU,0.03770382135376129
TP4,TP4_MeanSUV,4,TP2_MeanSUV,0.02761194126226339
TP4,TP4_MeanSUV,5,cellAUC25_butyrateSimplePK_Termil,0.007533044798424697
TP4,TP4_MeanSUV,6,cellAUC25_butyrateSimplePK_Constant,0.007482007391935491
TP4,TP4_MeanSUV,7,cellAUC25_cholesterolSimplePK_Termil,0.005618670055950415
TP4,TP4_MeanSUV,8,AUC25_butyrate_Termil,0.005587994313969637
TP4,TP4_MeanSUV,9,casAUC25_butyrateSimplePK_Constant,0.0052461005419041805
TP4,TP4_MeanSUV,10,LoeweFIC90_cholesterol_Constant,0.004621625138576466
TP4,TP4_MeanSUV,11,NeutralNcasPK_AUC50,0.004133297247255795
TP4,TP4_MeanSUV,12,NeutralHequip_AUC50,0.003436768472526274
TP4,TP4_MeanSUV,13,casGRinf_dormancySimplePK_Termil,0.00337383763870898
TP4,TP4_MeanSUV,14,AcidicNequip_AUC50,0.003367395225225488
TP4,TP4_MeanSUV,15,cellGRinf_dormancySimplePK_Termil,0.0030361497948051407
TP5,TP5_MeanHU,1,TP4_MeanHU,48.23661230914613
TP5,TP5_MeanHU,2,TP4_MeanSUV,10.895386004914814
TP5,TP5_MeanHU,3,TP3_MeanHU,5.976708191585704
TP5,TP5_MeanHU,4,TP2_MeanSUV,2.4540947684080896
TP5,TP5_MeanHU,5,TP2_MeanHU,2.294042442893577
TP5,TP5_MeanHU,6,TP3_MeanSUV,1.7474346529993212
TP5,TP5_MeanHU,7,NeutralHequip_FBC90,0.6582563615102761
TP5,TP5_MeanHU,8,casAUC25_dormancySimplePK_Termil,0.627327188219103
TP5,TP5_MeanHU,9,casAUC25_cholesterolSimplePK_Termil,0.6234010213682273
TP5,TP5_MeanHU,10,LoeweFIC90_cholesterol_Termil,0.5958511146345797
TP5,TP5_MeanHU,11,GRinf_valerate_Termil,0.35469053068568235
TP5,TP5_MeanHU,12,casGRinf_dormancySimplePK_Constant,0.3393844710542334
TP5,TP5_MeanHU,13,AUC25_dormancy_Termil,0.33772172246074195
TP5,TP5_MeanHU,14,cellGRinf_cholesterolSimplePK_Termil,0.33570120891056354
TP5,TP5_MeanHU,15,NeutralHcasPK_Einf,0.303489101204304
TP5,TP5_MeanSUV,1,TP4_MeanHU,0.17416118215806478
TP5,TP5_MeanSUV,2,TP4_MeanSUV,0.1407936478195501
TP5,TP5_MeanSUV,3,TP3_MeanHU,0.031093193490637328
TP5,TP5_MeanSUV,4,TP3_MeanSUV,0.02334091365883071
TP5,TP5_MeanSUV,5,TP2_MeanSUV,0.02122041815835914
TP5,TP5_MeanSUV,6,TP2_MeanHU,0.01597508122850309
TP5,TP5_MeanSUV,7,NeutralHequip_FBC90,0.005157463796170513
TP5,TP5_MeanSUV,8,LoeweFIC90_cholesterol_Termil,0.004235986586396
TP5,TP5_MeanSUV,9,casAUC25_cholesterolSimplePK_Termil,0.0041347366752253895
TP5,TP5_MeanSUV,10,casAUC25_dormancySimplePK_Termil,0.0041194819623865
TP5,TP5_MeanSUV,11,AUC25_dormancy_Termil,0.0033334113188679456
TP5,TP5_MeanSUV,12,cellGRinf_cholesterolSimplePK_Termil,0.0032582758264789362
TP5,TP5_MeanSUV,13,cellGRinf_dormancySimplePK_Constant,0.0031655528053674445
TP5,TP5_MeanSUV,14,GRinf_valerate_Termil,0.0030743124067450305
TP5,TP5_MeanSUV,15,GRinf_butyrate_Termil,0.0030658017599412566
TP6,TP6_MeanHU,1,TP5_MeanHU,60.01913642594846
TP6,TP6_MeanHU,2,TP4_MeanHU,6.827890734344352
TP6,TP6_MeanHU,3,TP5_MeanSUV,4.076362299467127
TP6,TP6_MeanHU,4,TP4_MeanSUV,2.6316962588354635
TP6,TP6_MeanHU,5,TP2_MeanHU,2.4062651433643762
TP6,TP6_MeanHU,6,TP3_MeanSUV,2.1398736624347254
TP6,TP6_MeanHU,7,TP3_MeanHU,1.8106452517576348
TP6,TP6_MeanHU,8,TP2_MeanSUV,1.4627992186396486
TP6,TP6_MeanHU,9,LoeweFIC90_cholesterol_Termil,1.0620490023398352
TP6,TP6_MeanHU,10,cellAUC25_cholesterolSimplePK_Termil,0.6040196139488913
TP6,TP6_MeanHU,11,casGRinf_dormancySimplePK_Constant,0.4367977702668296
TP6,TP6_MeanHU,12,AcidicNequip_FBC50,0.4233002491114591
TP6,TP6_MeanHU,13,GRinf_acidic_Constant,0.4110605420714071
TP6,TP6_MeanHU,14,LoeweFIC90_dormancy_Constant,0.3327714495391697
TP6,TP6_MeanHU,15,GRinf_valerate_Termil,0.33117850359812284
TP6,TP6_MeanSUV,1,TP5_MeanHU,0.28268664471403304
TP6,TP6_MeanSUV,2,TP5_MeanSUV,0.08597767785774801
TP6,TP6_MeanSUV,3,TP4_MeanSUV,0.04213023923244714
TP6,TP6_MeanSUV,4,TP3_MeanSUV,0.02172662749065825
TP6,TP6_MeanSUV,5,TP4_MeanHU,0.020629141039151228
TP6,TP6_MeanSUV,6,TP2_MeanHU,0.014599227891688217
TP6,TP6_MeanSUV,7,TP3_MeanHU,0.011601444414070808
TP6,TP6_MeanSUV,8,TP2_MeanSUV,0.011093361949158102
TP6,TP6_MeanSUV,9,LoeweFIC90_cholesterol_Termil,0.0069042450680538514
TP6,TP6_MeanSUV,10,AUC25_acidic_Termil,0.004692595878393688
TP6,TP6_MeanSUV,11,casGRinf_dormancySimplePK_Constant,0.004185238010503421
TP6,TP6_MeanSUV,12,GRinf_valerate_Termil,0.0037274529358273176
TP6,TP6_MeanSUV,13,AcidicNequip_FBC50,0.0036437096939054858
TP6,TP6_MeanSUV,14,cellAUC25_cholesterolSimplePK_Termil,0.003491074201053588
TP6,TP6_MeanSUV,15,GRinf_acidic_Constant,0.0031718861627813566
