Drug,Einf_butyrate_Constant,Einf_butyrate_Terminal,Einf_cholesterol_Constant,Einf_cholesterol_Terminal,Einf_dormancy_Constant,Einf_dormancy_Terminal,Einf_5NcasPK,Einf_5NcellPK,Einf_5Nequip,Einf_7HcasPK,Einf_7HcellPK,Einf_7Hequip,Einf_7NcasPK,Einf_7NcellPK,Einf_7Nequip,Einf_butyrateCellPK_Constant,Einf_butyrateCellPK_Terminal,Einf_cholesterolCellPK_Constant,Einf_cholesterolCellPK_Terminal,Einf_dormancyCellPK_Constant,Einf_dormancyCellPK_Terminal,Einf_butyrateCasPK_Constant,Einf_butyrateCasPK_Terminal,Einf_cholesterolCasPK_Constant,Einf_cholesterolCasPK_Terminal,Einf_dormancyCasPK_Constant,Einf_dormancyCasPK_Terminal,AUC50_butyrate_Constant,AUC50_butyrate_Terminal,AUC50_cholesterol_Constant,AUC50_cholesterol_Terminal,AUC50_dormancy_Constant,AUC50_dormancy_Terminal,AUC50_5NcasPK,AUC50_5NcellPK,AUC50_5Nequip,AUC50_7HcasPK,AUC50_7HcellPK,AUC50_7Hequip,AUC50_7NcasPK,AUC50_7NcellPK,AUC50_7Nequip,AUC50_butyrateCellPK_Constant,AUC50_butyrateCellPK_Terminal,AUC50_cholesterolCellPK_Constant,AUC50_cholesterolCellPK_Terminal,AUC50_dormancyCellPK_Constant,AUC50_dormancyCellPK_Terminal,AUC50_butyrateCasPK_Constant,AUC50_butyrateCasPK_Terminal,AUC50_cholesterolCasPK_Constant,AUC50_cholesterolCasPK_Terminal,AUC50_dormancyCasPK_Constant,AUC50_dormancyCasPK_Terminal,GRmax_butyrate_Constant,GRmax_butyrate_Terminal,GRmax_cholesterol_Constant,GRmax_cholesterol_Terminal,GRmax_dormancy_Constant,GRmax_dormancy_Terminal,GRmax_butyrateCellPK_Constant,GRmax_butyrateCellPK_Terminal,GRmax_cholesterolCellPK_Constant,GRmax_cholesterolCellPK_Terminal,GRmax_dormancyCellPK_Constant,GRmax_dormancyCellPK_Terminal,GRmax_butyrateCasPK_Constant,GRmax_butyrateCasPK_Terminal,GRmax_cholesterolCasPK_Constant,GRmax_cholesterolCasPK_Terminal,GRmax_dormancyCasPK_Constant,GRmax_dormancyCasPK_Terminal,FxC50_butyrate_Constant,FxC50_butyrate_Terminal,FxC50_cholesterol_Constant,FxC50_cholesterol_Terminal,FxC50_dormancy_Constant,FxC50_dormancy_Terminal,FxC50_5NcasPK,FxC50_5NcellPK,FxC50_5Nequip,FxC50_7HcasPK,FxC50_7HcellPK,FxC50_7Hequip,FxC50_7NcasPK,FxC50_7NcellPK,FxC50_7Nequip,FxC50_butyrateCellPK_Constant,FxC50_butyrateCellPK_Terminal,FxC50_cholesterolCellPK_Constant,FxC50_cholesterolCellPK_Terminal,FxC50_dormancyCellPK_Constant,FxC50_dormancyCellPK_Terminal,FxC50_butyrateCasPK_Constant,FxC50_butyrateCasPK_Terminal,FxC50_cholesterolCasPK_Constant,FxC50_cholesterolCasPK_Terminal,FxC50_dormancyCasPK_Constant,FxC50_dormancyCasPK_Terminal,FxC90_butyrate_Constant,FxC90_butyrate_Terminal,FxC90_cholesterol_Constant,FxC90_cholesterol_Terminal,FxC90_dormancy_Constant,FxC90_dormancy_Terminal,FxC90_5NcasPK,FxC90_5NcellPK,FxC90_5Nequip,FxC90_7HcasPK,FxC90_7HcellPK,FxC90_7Hequip,FxC90_7NcasPK,FxC90_7NcellPK,FxC90_7Nequip,FxC90_butyrateCellPK_Constant,FxC90_butyrateCellPK_Terminal,FxC90_cholesterolCellPK_Constant,FxC90_cholesterolCellPK_Terminal,FxC90_dormancyCellPK_Constant,FxC90_dormancyCellPK_Terminal,FxC90_butyrateCasPK_Constant,FxC90_butyrateCasPK_Terminal,FxC90_cholesterolCasPK_Constant,FxC90_cholesterolCasPK_Terminal,FxC90_dormancyCasPK_Constant,FxC90_dormancyCasPK_Terminal
BDQ,0.941078816504175,0.9757544820980275,0.9999999999999775,0.9999999999999777,0.9895335889053078,0.9998332416464722,0.994581766393164,0.996754679979378,0.996232190469695,0.990643724449081,0.984810513166046,0.991182379105986,0.996999966326029,0.992299353998288,0.997347505392293,0.942173959819987,0.977815624430054,0.999999999999978,0.999999999999978,0.988146782957194,0.988412709851161,0.934408350552116,0.974321095293876,0.999999999999978,0.999999999999978,0.99137928166759,0.990502368631317,0.1564497628860297,0.1161358640088679,0.14474422015658434,0.13116867148746258,0.14404773103988686,0.2091124967860393,0.0875913293130289,0.093010009573558,0.110904524175533,0.0898627016621185,0.0627619898371207,0.086511953133603,0.184842642855807,0.130790020916178,0.17306078161718,0.209582167074711,0.137044522244072,0.0619057293269173,0.061905722323644,0.169937981281307,0.105665416704435,0.17899724443441,0.121155781322274,0.121437016798472,0.110546792891233,0.171989858995965,0.101327689038247,-0.1255870010973764,-0.1151629875942527,-0.9544562894159963,-0.665829384738385,0.07639575818510291,0.1359281598083124,-0.15999062792194,-0.158128142671084,-1.10367159154954,-1.11133807133433,0.164059439161994,0.201332697083442,-0.147963869476791,-0.147389367302683,-1.2837932523634,-0.985390286293714,0.0464575679408674,-0.0433415961156056,,,,,,,,-7.26967949733039,0.0,,,0.0,,,0.0,,,,,,,,,,,,,,,,,,,,,0.0,,,0.0,,,0.0,,,,,,,,,,,,
BDQ+DEL,0.9386165514907262,0.9656815039275635,0.986134764291563,0.9999999999999772,0.969283438339825,0.9999879982483462,0.997028647590575,0.998587248443228,0.998946530340268,0.999998643196807,0.994633256594554,0.993185276223699,0.999404103707058,0.998615940083054,0.999999189404769,,,,,,,,,,,,,0.1579896143992922,0.1304066299227187,0.11205967526189882,0.17849740231573819,0.15144174855819315,0.220841053022484,0.0928454890309256,0.106440582909874,0.114474629926547,0.0622802541779301,0.0895102039552137,0.108885190156383,0.0619213500754574,0.0619526097532424,0.0620118643085106,,,,,,,,,,,,,-0.0627911002787801,-0.02644184753718071,-0.8889401794676008,-0.6141178086873065,0.41038657294231473,0.3461349298475226,,,,,,,,,,,,,-0.18989258850557705,-0.3918389931440516,0.19383688831805757,-0.11784321688038414,0.32483568944455143,0.9391718669802939,0.345736365573417,-6.2444759705637,-0.065429449538492,-0.554563210914115,-1.01323867826248,-0.58327823822394,0.0773270798383436,-0.848932960122247,-0.392537739015067,,,,,,,,,,,,,-1.1784401509149196,-0.8886907724969496,0.08821326344980979,0.4773011987903068,0.3368708254867394,-0.06121830130755102,-0.0311760097067906,-0.674125874066258,0.244341005739294,-0.230781626593639,-1.0214369714066,-0.129190934669778,-1.11832922244617,-1.39794385543622,-0.805366726528806,,,,,,,,,,,,
BDQ+DEL+QBS,,,,,,,0.999999758331685,0.998770474128943,0.999701362103807,0.999998413294251,0.99981545909791,0.999025515117487,0.978262995990394,0.998457174029632,0.99912039193455,,,,,,,,,,,,,,,,,,,0.0619057546505433,0.0822006256438661,0.0635271215301614,0.221613245036777,0.0858516931128338,0.155518679612498,0.0661450602063706,0.0644186612240457,0.180688063625117,,,,,,,,,,,,,,,,,,,,,,,,,,,,,,,,,,,,,-0.142068215951173,-5.728279681112,-0.643014886396251,-0.911190341093983,-0.216602178703345,-1.56041719692258,0.115114455929771,0.150010748352474,-1.0477593465779,,,,,,,,,,,,,,,,,,,-0.579794347816044,0.067972128805506,-0.882875883815197,0.216723874126985,0.0675468035572356,-0.807791368194207,-1.01660890533524,-0.68848104552153,-0.740919946993723,,,,,,,,,,,,
BDQ+LIN,0.9316591380771154,0.9733476223664014,0.9999999999999766,0.9999999999999777,0.9944986355251066,0.999999999999971,0.986456831161211,0.9849473310905,0.9743847208539679,0.999993362650768,0.996105249499785,0.9595937498313789,0.997415634230698,0.999959495366315,0.9998340778237697,0.950262475735425,0.977932444555423,0.999999999999977,0.999999999999972,0.994407340838867,0.992154208962902,0.951175555333618,0.979709250982623,0.999999999462505,0.999999999999977,0.993935721733061,0.985067132033196,0.1140512515462461,0.1113407236550589,0.2525396541872322,0.268181327636767,0.1052333338936148,0.06327592276673198,0.216435814020337,0.0921723629489283,0.08147933881203823,0.0912712320837394,0.0736723936193668,0.0689381813627995,0.0629167532765403,0.186365875645479,0.20529801213411458,0.165099989247367,0.122874095226288,0.0623037784236081,0.0626689918243976,0.222863448648354,0.154803260314916,0.201362256471802,0.125477831350135,0.212879762488074,0.19175180297364,0.261887519737033,0.0869391972397245,-0.03328392433400995,-0.02720617593873498,-0.8657638621514595,-0.5580418794720884,0.09664451379387473,0.5973646907973249,-0.173338413726189,-0.178679477024883,-1.20741256364515,-1.02271831923065,0.0436460769658589,0.0438436230721819,-0.182112519150243,-0.188772831347286,-1.2398978602629,-1.14120935182202,0.119405348641977,0.229431371974116,0.6900604894483398,0.8316649098383033,0.39280672736067274,-0.3028801903613398,0.4391761724555303,0.19989572648369308,-1.48679690234036,-4.74322876990232,1.682491696615741,-0.321997224649161,-0.616302794239265,-0.1148898200292533,0.805526350884681,-0.35807622697322,-1.0751231849112075,0.55308462364353,0.405443233897951,-0.849770431629161,-0.628510070241591,-1.26778623978435,-0.385702639756796,0.368875392026905,0.47347351170877,-0.71199949718717,-0.745157838394656,-0.0819637504986814,0.627779508637113,0.5054372437690264,0.9789637543046806,0.7455635653516037,0.7317295629855891,0.13382966193478776,-0.5836274020768607,-0.709365233367351,-1.97551954293471,0.3104940495357475,-2.0,-2.0,-0.3659370870154479,0.275760713251735,-0.259866099748514,-1.148931944506647,-0.657859141027221,-0.267419796806389,-0.905202612670768,-0.910137938506035,-0.748069365115522,0.0129171153005586,-0.161185338724021,-0.0506380139058433,0.359944804549171,-0.00327514445352164,1.04961849571596,0.641059641340957
BDQ+LIN+PRE,0.9343416313684796,0.9707937918220119,0.9999999960625104,0.9999999999954758,0.9932982971642295,0.9938223906035684,0.998105977752137,0.999999977124913,0.9935634452734668,0.995822852878097,0.996167202978613,0.9933271108422127,0.999999999999245,0.999295256165136,0.9999999858514181,0.950413462012195,0.977663943676529,0.973940385788845,0.992497760751303,0.987920420542365,0.992005194505111,0.942962265327989,0.977083453885908,0.950938158224925,0.916114457831291,0.993246467875929,0.996356033192222,0.2547498440296123,0.20505330591506932,0.2056873113556316,0.2580933963478834,0.06910062877544135,0.06388746538509542,0.0927844994919748,0.194017839663557,0.1160454736304911,0.0621907803724751,0.153023641958778,0.12991985261984934,0.062161826326309,0.0769080321998225,0.061970312852263565,0.21820844110897,0.148108359153725,0.162537833294058,0.0719310804640488,0.199422383611969,0.0670374744020043,0.215743774618259,0.165339336805045,0.0650083908315203,0.0910663339325429,0.219141714131624,0.068244320730283,-0.062201279384202,-0.043007693751642706,-0.8280680335801829,-0.8262634163143527,0.022099308933205667,0.1764143125934503,-0.170896798963773,-0.189386571036296,-0.380468500776678,-0.258165114937268,0.143355500424118,0.0415238225611816,-0.167227960547476,-0.154583543340164,-0.521816367622906,-0.0152804640739626,0.0850150403814809,-0.0129394316084478,0.6834045763900541,0.5023532734554677,-0.1382557882039981,-0.01669969236644773,0.08732445827294506,0.04598328017821821,-0.50166836295028,-3.72861006529165,-0.506903297016538,-1.14712129063244,-2.29368579875692,-2.1600453118553293,1.03636882448402,-1.02472058932456,-0.8256714207715736,0.672592754616099,0.631699604047068,-0.571945482239006,-0.626134433047932,-0.102312178683027,-0.599606989520403,0.955587284065401,0.596004137604739,-0.201808697854712,-0.00747296257443049,0.101331934772023,-0.172739828256476,0.7939829836542205,0.7580908732952296,0.46540237424008696,0.6183902563092081,0.03180785128787486,-0.529957199494198,-0.120796107112389,-1.28397735147095,-0.771273666251544,-1.56946278487083,-1.89176480674446,-1.6666748006579875,1.2209089103983,-0.993838306155637,-0.28553060655279383,-0.243415068521431,0.462068088573572,0.178288722131776,-0.633630627918394,0.0484762183389188,-0.694669499682199,0.497577019924611,0.525154623569095,,0.409822079984097,0.243146401092165,-0.587758821198754
BDQ+PRE,0.9412811940657491,0.9743707121241486,0.9174350192761813,0.9999999999999778,0.9600570519750837,0.994714812969024,0.987600466833423,0.988931021488144,0.991771731290327,0.990200605718777,0.992638862335442,0.9960164209284137,0.993305228609316,0.998350727830232,0.9999992413012242,0.946437379953958,0.97643993658588,0.991729761701634,0.99379645374578,0.995735403928846,0.995058290215162,0.952492136509682,0.975434033078214,0.92267748982232,0.940345205640362,0.999019439089353,0.99121663927748,0.2133387676525092,0.1603564584472282,0.10444131070166413,0.1357876890985834,0.09057968431943876,0.15152951498416198,0.081401069572606,0.0771671087539039,0.06212011953044676,0.13274874553357,0.0622753285509184,0.09010252811315617,0.0622983571819359,0.0620876053025268,0.08632254237349839,0.194937908048227,0.157097063608749,0.141244442368261,0.110380874366288,0.196108660838903,0.0639586492143622,0.244133461529802,0.173613944960565,0.117952212552355,0.150041957950224,0.233287347727875,0.0970623227559978,-0.01317048027098555,-0.02293789213541575,-0.40114172443804497,-0.11858919707215092,0.2514172621446482,0.2839988972275125,-0.166183493033323,-0.166473932886298,-0.482601469920387,-0.35218689985566,0.096301169545155,0.0836486184124585,-0.144566669981699,-0.134563784904169,-0.359580761185088,-0.226719064004154,0.0930591083811527,0.171262470190353,0.4566291545650905,0.5327739203971877,0.8710356524141304,0.7384606517846767,-0.28673179500079454,-0.25033998192800355,-0.113260180717483,-3.14192101818167,0.6332532697845452,-1.29490144287332,-1.72674210656506,-0.051501935912961476,0.678161034321739,-0.761267200888232,-0.2012793325036585,0.784979421587096,0.599151666466166,-0.15938738951989,-0.456896641845615,0.370701920615902,-0.519097747030449,0.466816209828176,0.551180095955727,1.78959068823562,1.75037454258531,0.265782339445949,0.11002559730585,0.6121727539338413,0.6709032956905354,0.7021257240215963,1.3168619115097666,-0.685190696212001,-0.7616279312775384,-0.0620524966640437,-1.66670015214554,-0.5685644294270429,-1.21044403693016,-2.153517258672,-0.02961307184360841,0.519629798068031,-0.817599004124272,-0.24692440413974376,0.0157525149237782,0.471716648949263,0.467259454853534,0.381363895229962,0.478043589077977,-0.5877695103812,0.802203283246147,0.609785530877937,1.33796854358927,2.23987029821675,0.322456349205127,-0.510755925102362
BDQ+QBS,0.9630919619557778,0.9811966112268657,0.9999999999999776,0.9999999999999777,0.9946717587712403,0.9999629361316507,0.996530487162964,0.997589956887369,0.997259464409957,0.999999991095061,0.982621042547318,0.999999999949392,0.993837408724575,0.99347023754813,0.999999999936228,0.929689758453162,0.975213993905702,,0.999999999999976,0.991869614128204,0.996474700915993,0.911053454555667,0.96665192026383,,0.998403403406121,0.999400156442647,0.983456580112934,0.1622136752030221,0.1218271528132402,0.1220302879801885,0.1112836593047501,0.185912949090184,0.2395146011366269,0.0826259262575946,0.219175994044921,0.0619765348506092,0.184951870489296,0.108260831089852,0.188384816471563,0.0664592183418172,0.0953952011628388,0.191949601869116,0.175539029412372,0.123492712648697,,0.0622337057752534,0.169081192145618,0.100633151271209,0.0936966240237012,0.0629177295341538,,0.0667360994351745,0.274362863160005,0.0716248251673292,-0.07781564902701188,-0.09693172002580486,-0.974344241878194,-0.611665995466018,-0.05167591966112506,0.6054193598876425,-0.135311927329834,-0.117478436234988,,-1.10435908926693,0.0376738088433066,0.1886214842389,-0.111606744776021,-0.105030376803636,,-0.980180964749239,0.0566662503756168,-0.00781383837691774,0.6960177703112929,0.7117886509148328,0.35574807435573635,0.43578700203166565,0.03403242613059396,-1.0322690745258296,-1.06556559943127,-3.25805475550058,0.171905604149416,-1.48932586108694,-1.88824655127791,-0.984421843971528,1.04883538792865,-0.725213742752281,-1.23653431602138,2.58415537051528,2.41449663355343,,1.86907874737178,0.382252519990614,0.303132714165882,2.9872845037066,5.71724724114235,,-0.316338792167028,1.04002326976156,0.287432535372519,,0.7727798801190422,0.1744826579821021,0.3984014992669348,-0.20436150739964576,-0.9505728612698863,-0.248254995045395,-1.74608969510163,-0.783668683296698,-1.61875565031646,-2.51544650418143,-0.684689542029825,-0.081815545160719,-1.40176500085133,-0.985019110786854,,2.43738627903927,,1.7353441979141,0.103811287173823,0.360980434700176,-3.23333953018754,0.338369480008406,,-0.822673940800972,2.18073931531142,0.0334029539967076
DEL,0.910077193891524,0.9653575525024314,0.8853357059036587,0.9781971235097564,0.9920011967985004,0.9997581887222381,0.993026309362999,0.993026309362999,0.993026309362999,0.998824441965786,0.998824441965786,0.998488877277907,0.989871113367434,0.989871113367434,0.989871113367434,,,,,,,,,,,,,0.2688018193440973,0.2437215246347555,0.204552215541359,0.1848817436611499,0.1691182848251329,0.2445541805295212,0.10358330885766,0.10358330885766,0.10358330885766,0.0619533383479065,0.0619533383479065,0.0620740786923822,0.0716274587939461,0.0716274587939461,0.0716274587939461,,,,,,,,,,,,,-0.024595287182355097,-0.00592780948494076,-0.1645836814698232,-0.3956400292066262,0.09070615330454501,0.09178917995561431,,,,,,,,,,,,,,,,,,,,-2.1393627400759,0.0,,,0.0,,,0.0,,,,,,,,,,,,,,,,,,,,,0.0,,,0.0,,,0.0,,,,,,,,,,,,
DEL+QBS,0.9294115264142213,0.9625547566932138,0.9859450526135972,0.9999999999999778,0.9171491331724638,0.9959073064982003,0.999933839327869,0.999999631471642,0.999997750308158,0.999657050698722,0.999999999786003,0.997837073488702,0.958185970718034,0.999476637973389,0.999552625540108,,,,,,,,,,,,,0.1600793521385936,0.10429539366165613,0.06228419218153935,0.06334225794466972,0.24661007413376973,0.21965961243305093,0.0638296696242283,0.156198369291381,0.061922017865341,0.0626741949354797,0.062432623388927,0.062481750808827,0.0761563268452779,0.122370554619547,0.0950482682331207,,,,,,,,,,,,,-0.04957401885207313,-0.029626866826676923,-0.6962985753263007,-0.7613849951148113,0.6035703750905602,0.32362655754046776,,,,,,,,,,,,,1.321311481656538,0.5178614559955322,-0.2725317239462538,-0.3329964967042011,-0.40743166728854274,0.4812288607239627,0.549413948638728,-2.09498820867085,0.233227562804392,-0.141032759702504,0.753286888604819,-0.209605815259999,-0.371148285090806,0.280118135753144,0.184948679339475,,,,,,,,,,,,,,-0.4034442414101756,-0.6772437994039553,-0.5555198980386873,,0.3443792816693211,0.113770602852723,1.63801985933315,-0.356464346131545,1.16659520286235,0.744616110338393,-0.215438741074874,-0.397271159305819,0.157708739825224,0.0530173108110915,,,,,,,,,,,,
EMB+INH+PZA+RIF,0.9208950380474529,0.9597115340469796,0.9999999999999778,0.9999999999999777,,,0.990738907578012,0.997476074114594,0.977150788762009,0.990050106111413,0.962196362669207,0.966633172722871,0.991069746647071,0.995150404053422,0.980563537528545,0.906658129475567,0.957258874931837,0.994017851606738,0.999999999999977,0.99986737364505,0.984982048170262,0.910121758773456,0.963401869194031,0.999999999999978,0.999999999999978,0.995584317667773,0.991263892795232,0.1748930901059574,0.144725714018805,0.1180441140327979,0.1276174427931373,,,0.176516942572232,0.263263180956648,0.080039614144608,0.100443584000961,0.181491048816172,0.0733532622520703,0.065580277833205,0.170871002620358,0.160868744377628,0.197219045748069,0.157576279613287,0.0631668799391448,0.0619355656263931,0.207651137778942,0.0693233727685273,0.214829869225357,0.187228902716078,0.0619057138984591,0.0619057129674052,0.188955574249849,0.124242923679115,-0.02038310837364576,-0.02279364486216839,-0.9972997543502256,-0.775199585467268,,,-0.00668599785788193,-0.0237150703041902,-1.16912625131104,-0.967710615306248,0.0668111416471922,0.0774640081299278,-0.0349042213556908,-0.0441936582112672,-1.47510162474995,-1.13677882557233,0.0878677091977393,0.0878427050723467,0.6257466388378313,0.4137425276355138,1.2785102715964567,1.2338309038108197,,,-3.47133714240939,-2.0,-1.30354705921777,-6.30204608753962,-5.44943068106791,-1.46626334426263,-0.366416410859789,-2.5637856537494,-1.62225773210498,0.164457335314185,-0.217393115490216,0.062054786446213,0.635478697892641,0.161284803882878,,0.191341752452265,0.462124398909211,0.443782087917778,0.969306922505259,-0.294788508246602,,,,0.333298182623087,0.4383001245905255,,,-1.88176315280285,-1.31852214714898,-1.54374451028174,-5.64646126865506,-4.1754387452187,-2.14332176493855,-1.5067727927812,-4.04230833820632,-2.02189899866129,,,,0.13291794872233,,,,,-0.166193375895849,0.588727456921091,,
EMB+MOX+PZA+RIF,0.9350518038321628,0.9799848306919263,0.9999999999999775,0.9999999999999777,,,0.994344937370831,0.993617879679663,0.9961916351734517,0.99320057389854,0.988287181726144,0.9560611866969023,0.99053036990681,0.987209553393136,0.9999945549771107,,,,,,,,,,,,,0.2105513743840203,0.1721814692426059,0.101341253558112,0.1136974822136515,,,0.124013292458342,0.144216045077227,0.1409496114190768,0.0650664867089429,0.117312429380955,0.06372352124443392,0.117664439773774,0.151905341101448,0.12671311166409,,,,,,,,,,,,,-0.02038310837364576,-0.0314071989111423,-0.9886377705873327,-0.7551060020964867,,,,,,,,,,,,,,,0.9553092679662313,0.7277568745842233,1.393243899689912,1.5923368664727846,,,-0.351325089373205,-2.0,-0.8119368382287585,-0.411839149668315,-0.198639138670284,-1.466556176452273,-0.0792696728628709,0.042712816932276,0.005969980662781492,,,,,,,,,,,,,,,0.04771299766926753,0.433011542493232,,,-0.115270165718232,-0.466713825833917,-0.8238129515136571,-1.4795905904373,-1.25847451697283,-1.5593108138460101,-0.0959673554067478,0.358564584720409,0.0735086290328301,,,,,,,,,,,,
INH,0.8819377701620751,0.9491734027129988,0.99999999930949,0.9999999999999756,0.9746327952307876,0.9998481304872174,0.25,0.25,0.896696718716438,0.25,0.762541421238167,0.955633395505649,0.125,0.0,0.933021697115873,0.89848314075849,0.959170759393526,0.999999999999977,0.973658689771881,0.982819954586496,0.999298268114479,0.886359533932387,0.953212287207745,0.999999999999978,0.999999999999971,0.990058946841314,0.977575546712502,0.13535954420522373,0.1160309139547013,0.1788233078373839,0.1728125086928978,0.1869382515879911,0.22443958341514264,0.0,0.0,0.0654569824409677,0.0,0.107070484431341,0.114997142597014,0.0,0.0,0.111437652713875,0.165150581426528,0.121085825613093,0.186624126218838,0.107142087384922,0.14646498315751,0.085151349002781,0.145752944130645,0.114977831964612,0.0941760011815098,0.159014144718236,0.162268837782205,0.125596358051102,0.03565306043926608,0.005007033530219918,-0.8006604150585843,-0.709490933328699,0.27172470544542837,0.17913210800640256,-0.014723661857623,-0.04340359196687,-1.15454373167019,-0.949123358471355,0.218263506019833,-0.105276253991439,0.0436734048235401,0.00991134622904799,-1.23390780670284,-0.985974176940706,0.166756775106855,0.285547563260942,,,,,,,,-1.71402001853987,0.0,,,0.0,,,0.0,,,,,,,,,,,,,,,,,,,,,0.0,,,0.0,,,0.0,,,,,,,,,,,,
INH+PZA,0.9105851971510781,0.9415018578634022,0.9999999999998728,0.9999999999999778,0.981924424824238,0.9999999999999657,0.993272104580215,0.966393655930611,0.983096599092551,0.0,0.797512331297858,0.948663412835701,0.545266716249034,0.816094830725236,0.999999983953844,0.906942200372566,0.958025076733678,0.999999999999978,0.999999999999978,0.997891856652702,0.980432451682339,0.907298430136388,0.954981785374897,0.999999999999977,0.999999999999977,0.999092004456481,0.986534029573951,0.15040645511385345,0.10018285546097,0.1901039481977678,0.172467136801689,0.19233473116793634,0.1301180695817549,0.179830203706099,0.0640947098241761,0.0657904192886312,0.0,0.0696578700608015,0.225173629107159,0.0763504687434649,0.0696966695017847,0.212031362439404,0.185637111155397,0.151101897409846,0.113332062716436,0.151207526034388,0.160714271703892,0.0823203556674686,0.169436479335797,0.116959086279993,0.130298260539514,0.132692868845242,0.241915534539,0.0635438091587004,-0.02166902538029691,0.004339486653294036,-0.5718322547471149,-0.4857461763849833,0.27364131303725814,0.5059715396985247,-0.00919769051185726,-0.0224680993556986,-1.16882836879062,-0.957179900633543,-0.115447428431063,0.0267135935348048,0.00391348499404498,-0.012123894657145,-1.28373960111619,-1.12626340464709,0.141794313934502,0.190118202438944,0.13769229477200545,0.3963352341556933,0.4612306586323863,0.361231352613117,,,-9.03448233848558,-1.25346581317206,-2.96474743739548,1.0,-2.50538723007113,-0.419451172030629,-1.06156986525719,-1.47036711931633,0.594667622688845,0.00375425864129468,-0.530105507952911,-0.0517592575686775,0.0480174320761576,-0.251663484891854,,-0.255164529649367,-0.0714997568628015,0.560939167421693,0.409665971236001,-0.946697437018918,,,,-0.5322831793228707,0.0669127974289118,,,-2.0,-2.0,-0.215214925538009,2.0,2.0,0.108537364828396,2.0,2.0,-0.796856774711503,,-0.0162277486254601,,0.281158358911592,,,,,0.579770672540875,0.570383534904061,,
LIN,0.8795782357615243,0.9411692541735779,0.9999999999999366,0.9999999999998171,0.9898773644255677,0.9959738626350435,0.571945287878906,0.799138124064903,0.4109726439394532,0.89601438620182,0.899062021458417,0.8847445224054066,0.25,0.25,0.4991289198606272,0.891455049949553,0.95611488750657,0.999999999999977,0.99999999999986,0.992843783999428,0.992912402452989,0.888189787383793,0.95278965653767,0.999999999999977,0.999999999999977,0.991478536961827,0.986817458776266,0.2617022854708957,0.196008396530056,0.2446717476003724,0.2652782915802881,0.08888239234101136,0.1084642189165304,0.0655589548738467,0.108177105232823,0.03499980984368426,0.0678320346224409,0.0644745992705266,0.06441157072121623,0.0,0.0,0.03643893176906552,0.284331588588318,0.221978106829569,0.24320049091454,0.286148713979824,0.129524526594119,0.0721839408739413,0.276683196046643,0.211175787986892,0.208834408136907,0.267857854354168,0.146154811753415,0.0687595094185086,0.08590778487040795,0.05021323295563407,-0.903703185556607,-0.6634213330322231,0.1182624159032343,0.05205908724482788,-0.0347788559605567,-0.0600190750687445,-1.03252586926157,-0.977776626584431,0.0436460769658589,0.00138243900350288,-0.021465495580472,-0.0568614433397453,-1.25542056536312,-1.02927694622419,0.11338094272104,0.182453771031714,,,,,,,,-1.07041330450808,0.0,,,0.0,,,0.0,,,,,,,,,,,,,,,,,,,,,0.0,,,0.0,,,0.0,,,,,,,,,,,,
LIN+PRE,0.9167475045654252,0.9520058863098588,0.9716824145200202,0.9711622804629325,0.9811893131688123,0.9583661827744623,0.99881406753367,0.998006554717016,0.9973075032386018,0.986976900050009,0.992818067307209,0.9983621851063986,0.992460996744557,0.999999879007914,0.9973104710560475,0.92139294843736,0.961117524627219,0.897612359550584,0.951822524565007,0.987801560389405,0.989491891987784,0.931908846845861,0.960680491558664,0.972601979788883,0.987500000000556,0.999999999999978,0.995775532674349,0.2658979159400311,0.1813720039246002,0.19413245551418246,0.26172694095521465,0.06311703199071927,0.06657728835510242,0.0619879742726262,0.0622578162350018,0.15956126951307625,0.0789313996589197,0.075061090850128,0.07983912255993925,0.0850157137073873,0.0893907775525187,0.08221030418508511,0.271871896874697,0.203908724543462,0.150326781396964,0.106492424707228,0.0895336467526322,0.0655966241731704,0.281916628479328,0.196777749288054,0.090557470951551,0.0645494721719033,0.248832896883206,0.0691355616802253,0.01341423229352734,0.003183201016699888,-0.2934452057127521,-0.0011760238635901699,0.2898564211233894,0.3472471267395316,-0.0524955713913633,-0.0585617469288602,-0.4635615445855,0.185265916281718,0.042998833695792,0.00747865611366461,-0.122509026995374,-0.117018512724156,-0.328926975107845,-0.366576546780309,-0.0323673003143077,0.12385049480441,0.4276535462295554,0.20556660104092547,0.05821166360405247,-0.10349296021407665,0.6360480038622105,0.5727118121039778,0.735919469159331,-1.0128313931284,-1.7048838852993682,-0.990180091080912,-1.32042087249096,-1.056625775160349,1.3430589708793,0.0611353579629296,0.01997282065830925,0.487607432250532,0.421355716658375,-0.440838896714778,0.16301228161444,1.46914082219563,0.464593369913668,-0.0231308542606416,0.184812480043297,-0.344984470093612,0.269907624328036,0.724198897821639,0.851520407165964,,0.33596466369209044,-0.6069675098003402,0.702878236463844,0.42626735148621936,-0.032431354308426884,0.653755977235866,-1.28765950072902,-0.04746513723661311,-1.30595843381877,-1.64324092217785,-1.2180011722080466,0.957550294021053,-0.379290595735004,-0.035534181679825326,0.505627374557904,0.609281785560155,-0.206665645425096,-0.896112748624972,0.20310907408696,0.13615911630039,0.16361194891106,0.312298945754983,-1.03833632420808,-0.962794049668924,0.807569108279688,0.817308514440967
MOX,0.8841603693017854,0.9489796197626444,0.9985618712345035,0.9999999999999775,0.9785806315403693,0.9961851760784681,0.984244449496315,0.984319441277557,0.9880752318139638,0.991185406781781,0.996402652325506,0.99870471394619,0.971338395235102,0.979072549082176,0.9332057780320994,0.872039089673564,0.948596203606096,0.999999999999977,0.999999999999977,0.986185264032623,0.987500002618831,0.892643238744124,0.949941814167167,0.999999999999977,0.999999999999976,0.993539196396015,0.986253766893495,0.2200800674384769,0.15669231494594138,0.21004568336741794,0.1725789665723526,0.1772830579791023,0.1767679267820338,0.112534452511625,0.111328223410587,0.062790610829385,0.0711955459290537,0.172004819831711,0.06470642729167515,0.111778366603988,0.121137085968363,0.0638316920720389,0.23496505715056,0.154407037582676,0.20576883602216,0.202003295435646,0.212162299747024,0.119816385662873,0.247181813991952,0.1636857535192,0.250023647570862,0.192714787801181,0.227513357115984,0.145342029633408,0.08542372329047465,0.034701342796698564,-0.5940787101038634,-0.7020746494976713,0.22989192162755712,0.1771587347920294,0.0480984592596657,0.00274229919100333,-1.23037907146563,-1.08826464385514,0.132602583169203,0.164617747931053,0.0301015381746905,-0.000935705798850994,-1.23390780670284,-0.984727515322818,0.0784482775237376,0.0381170429927868,,,,,,,,-0.736784597441818,0.0,,,0.0,,,0.0,,,,,,,,,,,,,,,,,,,,,0.0,,,0.0,,,0.0,,,,,,,,,,,,
MOX+RIF,0.9174905264950207,0.9581510419858275,0.9488057324828147,0.9999999999999775,0.9961613051881053,0.9982806277281384,0.999999999999907,0.99999995719318,0.995042142106414,0.995718123353896,0.996116666586416,0.9992305426312599,0.993926408494644,0.995130383959391,0.9872286051212166,0.864162664383422,0.950585771233176,0.999999999999977,0.998315992669249,0.995243230800295,0.982061911372106,0.863234570154048,0.945311315615627,0.999999999999978,0.999999999999978,0.99884117423808,0.988491096882348,0.2556950663318882,0.2292943542395697,0.1866387718284397,0.1892454036601827,0.1633590507087751,0.1497578556256986,0.357506775500668,0.239819957556225,0.2306093302557372,0.242674172211569,0.0620538048098995,0.12180819032342123,0.155080189254772,0.223039916688191,0.07512604810284251,0.234716518304364,0.210241463775086,0.195047868856876,0.14393573728097,0.23160312013974,0.082868390624899,0.214625886141963,0.168855150898846,0.148120005988891,0.0764878357306432,0.230802565380058,0.090852521540078,0.02739116069306813,0.01096562341763208,-0.4208056259026519,-0.4720613283730498,0.2136245558098206,0.13535832777140308,0.0631590926898449,0.0230144213648114,-1.18093667173172,-0.95124017900141,0.0141101746793244,0.0863006758838432,0.103731509749249,0.0503311289801982,-1.36433592029545,-1.17901718511728,0.0193635528555598,-0.0500505772782387,0.6825511977360827,0.4279258281244616,0.5418587785002847,0.5190551927532226,0.12542312255551635,0.8148652432795053,-4.35128225295455,-0.284940719111788,-1.636272349092604,-2.34667532895606,-0.587994740936127,-0.1396748802889893,-1.37460075388828,-2.15228306093569,-0.17156891029217347,0.788469350237396,0.503534097003552,0.282487044117769,0.392273491015736,1.11200629209885,1.19066498506245,1.03913766820243,0.56439639004052,0.347299137635867,0.376063203479127,0.345075954994323,0.47842905075703,0.07792293458283349,0.6412156069577055,0.056789380289228635,0.45632784518971564,0.05496946759748505,0.23982300458349864,-2.36714695132369,0.656881684192897,-0.30453559986789847,-2.01918822147773,-1.37501257293856,0.08008686256170797,-1.25274740133264,-1.36299421356535,0.7173171238094223,,0.312470411005947,0.565326052081227,-0.212797874816297,0.893800972937611,1.06548584571304,,0.112647856861788,-0.047418834536158,0.212639417427794,0.647277548021255,0.255120842724933
PRE,0.9307291478238721,0.9735701047584542,0.9580299860973481,0.9902970627399477,0.9897515744560186,0.9965278005072752,0.981255235534893,0.981726048225854,0.9821968609168141,0.988026534976827,0.991590086907476,0.9888902489952156,0.975879782876071,0.977649223484561,0.9877328380232091,0.904157247798579,0.963254172692614,0.930270861964853,0.932571357589808,0.997564386014061,0.991484528429586,0.910847582558059,0.965919869564958,0.86985302633256,0.965951312301761,0.998766426129227,0.987164165922757,0.247583102036223,0.18255655920898656,0.142139028285191,0.1160892794583598,0.09136057443770959,0.1728624581437065,0.0624299921387374,0.072251292138812,0.062429992138737386,0.0717598801850919,0.0830235116714203,0.0670277200969693,0.0752927196045835,0.0985652656343419,0.12056101656021985,0.251977275524283,0.17050199769866,0.0639251704678497,0.0645106778631709,0.254935520695796,0.069872423870539,0.241689956865073,0.189352827040727,0.111764496352741,0.0651155615477886,0.243613178337378,0.164536740773804,-0.03559649885222926,-0.06355104517546512,-0.4090936442652711,-0.1252599574912796,0.12492863794461476,0.07926166961244485,-0.0565482347457757,-0.0777543968163428,-0.346489166587569,-0.0803339001078088,0.120204862361865,0.235095002010336,-0.0438677197975653,-0.0749470678880368,0.0145849476396454,-0.206170705141476,0.100917016324749,0.126371419200842,,,,,,,,,0.0,,,0.0,,,0.0,,,,,,,,,,,,,,,,,,,,,0.0,,,0.0,,,0.0,,,,,,,,,,,,
PZA,0.6840767219451938,0.7442548593991515,0.9411325904968113,0.9955247955022637,0.4734948726386646,0.5558792187200575,0.25,0.689081413251027,0.25,0.25,0.324539571926332,0.25,0.65673563493727,0.595891265819625,0.25,0.722044969725413,0.854022446323899,0.757954544822622,0.999999999721091,0.550816569080321,0.152499265896428,0.745795435413769,0.680299095322429,0.914881250271808,0.993750000002668,0.476517979825517,0.208003711914655,0.1980121134601071,0.14018526398472442,0.2229947946254364,0.1840171933868739,0.3269136409473256,0.1822514645591672,0.0,0.0668205979225795,0.0,0.0,0.0391657756503688,0.0,0.0741673792381468,0.0694050202351133,0.0,0.248340378234324,0.156827993189595,0.199535153599445,0.198855089147873,0.425143784201733,,0.238232577635342,0.1745270938001,0.297398528263509,0.224614433551137,0.424381513452494,,0.5534056908121822,0.7587775828825067,-0.44780610203450055,-0.6673882060804355,0.8997076389848659,0.820397771013639,0.400257884862951,0.57666275507431,-0.147694606746188,-0.891163283711072,0.84333438271145,0.987841727048995,0.392199877025338,0.577039299359462,-0.222914179306031,-0.95861682126898,0.867834871742867,1.00197921402517,,,,,,,,,0.0,,,0.0,,,0.0,,,,,,,,,,,,,,,,,,,,,0.0,,,0.0,,,0.0,,,,,,,,,,,,
PZA+RIF,0.8866398073966696,0.9465626036463344,0.9295632197542888,0.9999999999999774,0.9754158448189789,0.9941894427703412,0.990647456475292,0.995336278009594,0.997946200950138,0.992671495356531,0.988084946096152,0.997877540758666,0.999999999997299,0.998566332066749,0.988493491950944,0.903077592809809,0.956541708044809,0.999999999999978,0.999999999999978,0.996222206885158,0.985579798963399,0.898503927097476,0.957261695683904,0.999999999999978,0.999999999999977,0.995331088976791,0.991079737451645,0.2294635729189133,0.2399065556789157,0.09839987161679972,0.1586667553527751,0.17622224998080976,0.06289089878276238,0.151707946524301,0.260063568371335,0.181289350586263,0.257451793130221,0.0842847655689372,0.0625823669043533,0.19564908451081,0.0757116365903612,0.111367781757505,0.303413132781996,0.269067702732322,0.112475184556432,0.133942235689147,0.209710496549663,0.106021422800409,0.298380406444282,0.260683337640979,0.107515716544965,0.0619119641829572,0.223753689054479,0.125407459098794,0.1059934718715398,0.1219954047180292,-0.3713484844302701,-0.5286140262174659,0.3034091365697805,0.5270739911234148,0.0199587528832004,0.00176747704460678,-1.15469473462248,-0.957022900932564,0.15209118393419,0.159896340124409,0.0388878612585675,0.00108117651913431,-1.28170301037862,-1.1547875456242,0.0195564976585403,0.0329792231818977,0.687669617434949,,0.7553429291912673,1.025796454270833,,,-2.64386925344506,,-1.62012688136293,-5.25995499012576,-3.6127315014713,-0.939772939642944,-1.05560554598579,-0.404102732844577,-1.21792888090559,0.198813953828035,-0.485917851705035,0.338048997129814,0.690065917745521,-0.0946051920925919,,0.605021691054127,0.734358675468503,0.23193223211557,0.296789623505245,0.00101987520187985,,,,-0.7597562916449656,0.28560855000988516,,,-0.884981572580275,-0.818132240615589,-0.60366010223957,-2.0,-2.0,-1.31659869225897,-2.08172197421191,-2.13462612786326,-2.29128626875452,,-0.177960723351114,,0.354618570158769,,,,,-0.072675206393797,-0.45428402637517,,
QBS,0.8412931095353167,0.9250916227017584,0.942924901883152,0.9999999999999775,0.9154514345874142,0.978329674859199,0.98696229894502,0.957957449348034,0.993350423346056,0.629293657391374,0.999999991962826,0.992957711732747,0.86028359568102,0.86028359568102,0.916962036376987,0.84852377278344,0.939542092477805,,0.984797950805805,0.980964807644516,0.97292957463962,0.867799416281328,0.942099989308685,,0.997268002927175,0.969742146861179,0.978913583979392,0.1197507085731462,0.08191818621971089,0.1167773083479028,0.1193966094964527,0.21150365641231295,0.22371523610245814,0.0627550332012072,0.0672322363114778,0.124511142038919,0.0652556126506946,0.205654352414445,0.152952601357349,0.062346046361187,0.0619294377116374,0.0659286421260457,0.166714026010912,0.097280761306982,,0.0663948490743425,0.254851952406165,0.102131224440761,0.32965005023825,0.182464250470027,,0.0697646807695402,0.246563800168968,0.0907532989636902,0.1212276734062478,0.1104906290032897,-0.4870875031953436,-0.750836552629166,0.49920345419326895,0.32157043044049427,0.117811156354161,0.0632028882432802,,-1.11840482783182,0.264915670357039,0.259524256277421,0.0753117606674376,0.00637559192466286,,-0.848118702467638,0.264907485457704,0.0685472600142978,,,,,,,,0.137397937754764,0.0,,,0.0,,,0.0,,,,,,,,,,,,,,,,,,,,,0.0,,,0.0,,,0.0,,,,,,,,,,,,
RIF,0.8530243859381439,0.9255739663486654,0.9779129849795586,0.9999999999999775,0.9820516154850412,0.9936958008090816,0.985033697846938,0.981279338856449,0.96679126705743,0.995488723012723,0.999999999891152,0.993643996463697,0.976687471559704,0.986400389031184,0.991633635748836,0.879849693946223,0.953508057536444,0.999999999999977,0.999999999746483,0.990084091928463,0.975101004372009,0.876479078936747,0.944709132457744,0.999999999999978,0.999999999999977,0.990740768032173,0.985422353776198,0.28099257057555027,0.21931753584194125,0.1477327189463782,0.1610797720560748,0.1609372388625463,0.1878224546669299,0.208894722305722,0.110901389686798,0.0723199678654533,0.165732881374221,0.189873367958447,0.133450744053709,0.166201487301042,0.210243721922525,0.190890016970126,0.2768605818139,0.260870976845071,0.134829677243321,0.194933453030888,0.258773863280411,0.114171253664026,0.29218346701608,0.246759989429467,0.116512575495529,0.160654727032276,0.189304964523747,0.0717748866251497,0.14906250660726938,0.09528630545807082,-0.7206235994618121,-0.7163002611800902,0.2322596876719296,0.1600687335123951,0.0588035235512435,0.017163056983575,-1.19519963241277,-0.989726867503262,0.175644975099361,0.108019713781791,0.0915486419816433,0.0345821951047097,-1.12531790084341,-0.986903389009073,0.174448065103525,0.219334222384467,,,,,,,,,0.0,,,0.0,,,0.0,,,,,,,,,,,,,,,,,,,,,0.0,,,0.0,,,0.0,,,,,,,,,,,,
