feature,CFU_p,radiodensity (HU)_p,stdev radiodensity (HU)_p,soft volume (mL)_p,hard volume (mL)_p,PET activity (SUV)_p,∆ radiodensity (HU)_p,∆ stdev radiodensity (HU)_p,∆ soft volume (mL)_p,∆ hard volume (mL)_p,∆ PET activity (SUV)_p,CFU_p2,radiodensity (HU)_p2,stdev radiodensity (HU)_p2,soft volume (mL)_p2,hard volume (mL)_p2,PET activity (SUV)_p2,∆ radiodensity (HU)_p2,∆ stdev radiodensity (HU)_p2,∆ soft volume (mL)_p2,∆ hard volume (mL)_p2,∆ PET activity (SUV)_p2
AUC25 acidic (constant),0.74,0.64,0.44,0.46,0.58,0.31,0.44,0.91,0.05,0.71,0.02,0.88,0.21,0.68,0.21,0.41,0.19,0.23,0.71,0.44,0.27,0.06
AUC25 acidic (terminal),0.81,0.07,0.18,0.23,0.06,0.03,0.18,0.15,0.12,0.49,0.78,0.91,0.34,0.71,0.71,0.61,0.52,0.12,0.58,0.41,0.10,0.29
AUC25 butyrate (constant),0.28,0.70,0.24,0.46,0.78,0.31,0.85,0.83,0.37,0.48,0.10,0.40,0.34,0.05,0.08,0.19,0.83,0.60,0.16,0.87,0.53,0.09
AUC25 butyrate (terminal),0.18,0.92,0.28,0.59,0.48,0.42,0.85,0.57,0.34,0.78,0.13,0.13,0.12,0.06,0.50,0.28,0.97,0.33,0.39,0.89,0.33,0.22
AUC25 cholesterol (constant),0.57,0.72,0.54,0.67,0.89,0.62,0.32,0.94,0.92,0.38,0.78,0.44,0.39,0.23,0.18,0.80,0.50,0.68,0.26,0.34,0.62,0.16
AUC25 cholesterol (terminal),0.34,0.85,0.53,0.56,0.73,0.54,0.80,0.40,0.85,0.65,0.34,0.53,0.77,0.15,0.37,0.80,0.59,0.92,0.59,0.80,0.43,0.32
AUC25 dormancy (constant),0.83,0.65,0.40,0.47,0.53,0.88,0.21,0.49,0.73,0.13,0.60,0.65,0.96,0.07,0.10,0.83,0.68,0.93,0.17,0.23,0.73,0.29
AUC25 dormancy (terminal),0.93,0.03,0.13,0.10,0.01,0.14,0.11,0.01,0.40,0.49,0.68,0.47,0.37,0.99,0.43,0.83,0.56,0.16,0.85,0.75,0.20,0.14
AUC25 standard  (constant)-terminal),0.13,0.58,0.91,0.49,0.28,0.93,0.93,0.31,0.96,0.53,0.63,0.06,0.65,0.16,0.80,0.80,0.21,0.88,0.70,0.47,0.68,0.91
AUC25 valerate (constant),0.81,0.41,0.64,0.52,0.58,0.61,0.21,0.71,0.74,0.25,0.98,0.52,0.36,0.71,0.39,0.84,0.81,0.09,0.88,0.84,0.10,0.44
AUC25 valerate (terminal),0.49,0.99,0.40,0.15,0.47,0.96,0.83,0.70,0.75,0.73,0.53,0.93,0.19,0.15,0.68,0.49,0.43,0.09,0.51,0.65,0.40,0.28
FIC50 acidic (constant),0.52,0.27,0.61,0.09,0.19,0.41,0.34,0.41,0.52,0.64,0.81,0.64,0.12,0.84,0.68,0.95,0.46,0.06,0.58,0.88,0.34,0.04
FIC50 acidic (terminal),0.31,0.18,0.27,0.39,0.41,0.39,0.08,0.74,0.68,0.36,0.61,0.46,0.25,0.39,0.29,0.64,0.58,0.27,0.31,0.61,0.44,0.46
FIC50 butyrate (constant),0.82,0.67,0.34,0.20,0.54,0.99,0.28,0.67,0.39,0.75,0.12,1.00,0.37,0.60,0.34,0.89,0.94,0.70,0.33,0.56,0.57,0.60
FIC50 butyrate (terminal),0.69,0.30,0.43,0.75,0.98,0.71,0.34,0.61,0.31,0.81,0.05,0.85,0.39,0.85,0.23,0.57,0.27,0.83,0.21,0.31,0.67,0.54
FIC50 cholesterol (constant),0.05,0.35,0.43,0.28,0.04,0.73,0.29,0.07,0.13,0.07,0.48,0.02,0.00,0.97,0.08,0.72,0.57,0.00,0.97,0.60,0.57,0.82
FIC50 cholesterol (terminal),0.01,0.67,0.80,0.23,0.05,0.51,0.54,0.26,0.07,0.13,0.96,0.00,0.00,0.77,0.34,0.35,0.46,0.01,0.80,0.67,0.54,0.32
FIC50 dormancy (constant),0.13,0.66,0.46,0.66,0.79,1.00,0.66,0.20,0.75,0.62,0.24,0.33,0.62,0.75,0.66,0.58,0.54,0.13,0.43,0.62,0.15,0.27
FIC50 dormancy (terminal),0.36,0.62,0.88,0.27,0.54,0.54,0.66,1.00,0.17,0.08,0.24,0.58,0.50,0.75,1.00,0.27,0.08,0.75,0.98,0.06,0.50,0.62
FIC50 standard  (constant)-terminal),0.51,0.75,0.96,0.45,0.93,0.12,0.96,0.78,0.31,0.96,0.47,0.65,0.68,0.65,0.23,0.14,0.23,0.88,0.09,0.96,0.20,0.23
FIC50 valerate (constant),0.16,0.91,0.88,0.36,0.64,0.74,0.84,0.41,0.84,0.68,0.49,0.64,0.71,0.64,0.68,0.88,0.41,0.88,0.74,0.95,1.00,0.49
FIC50 valerate (terminal),0.73,0.53,0.31,0.70,0.80,0.83,0.45,0.53,0.21,0.93,0.09,0.99,0.28,0.29,0.33,0.75,0.78,0.43,0.63,0.47,0.83,0.83
FIC90 acidic (terminal),0.74,0.21,0.18,0.39,0.41,0.55,0.15,0.58,0.36,0.27,1.00,0.41,0.25,0.07,0.19,0.46,0.18,0.46,0.01,0.19,0.98,0.88
FIC90 butyrate (constant),0.23,0.35,0.35,0.13,0.02,0.35,0.95,0.95,0.95,0.13,0.45,0.23,0.68,0.68,0.45,0.95,0.52,0.68,0.68,0.45,0.78,0.35
FIC90 butyrate (terminal),0.62,0.50,0.98,0.36,0.27,0.93,0.93,0.50,0.36,0.62,0.30,0.62,0.62,0.58,0.93,0.24,0.07,0.79,0.43,0.07,0.58,0.33
FIC90 cholesterol (constant),0.33,0.38,0.54,0.92,0.83,0.18,0.11,0.80,0.44,0.22,0.15,0.48,0.35,0.27,0.54,0.42,0.06,0.29,0.65,0.14,0.15,0.51
FIC90 cholesterol (terminal),1.00,0.54,0.26,0.64,0.78,0.40,0.25,0.64,0.59,0.07,0.96,0.99,0.57,0.02,0.18,0.44,0.18,0.59,0.35,0.17,0.46,0.99
FIC90 dormancy (constant),0.05,0.91,0.91,0.66,0.66,0.71,0.84,0.59,0.56,0.44,0.24,0.14,0.96,0.44,0.84,0.71,0.02,0.59,0.78,0.78,0.27,0.78
FIC90 dormancy (terminal),0.58,0.88,0.79,0.17,0.50,0.11,0.24,0.43,0.10,0.17,0.36,0.58,0.62,0.98,0.70,0.03,0.06,0.88,0.58,0.04,0.27,0.79
FIC90 standard  (constant)-terminal),0.75,0.75,0.33,0.33,0.75,0.33,0.75,0.33,0.08,0.33,0.33,0.75,0.75,0.75,0.42,0.08,0.75,0.42,0.33,0.75,0.08,0.42
FIC90 valerate (constant),0.66,0.03,0.10,0.10,0.10,0.42,0.06,0.18,1.00,0.36,0.10,0.71,0.80,0.36,0.80,0.71,0.30,0.50,1.00,0.80,1.00,1.00
FIC90 valerate (terminal),0.78,0.27,0.59,0.91,0.66,0.78,0.07,0.66,0.71,0.78,0.24,0.96,0.91,0.44,0.44,0.56,0.11,0.56,0.71,0.71,0.56,0.78
GRinf acidic (constant),0.41,0.91,0.78,0.21,0.64,0.34,0.18,0.49,0.46,0.04,0.95,0.41,0.61,0.41,0.49,0.08,0.68,0.98,0.58,0.06,0.25,0.55
GRinf acidic (terminal),0.46,0.18,0.27,0.01,0.06,0.61,0.91,0.11,0.44,0.68,0.88,0.71,0.52,0.84,0.81,0.52,0.46,0.27,0.64,0.95,0.91,0.23
GRinf butyrate (constant),0.09,0.37,0.78,0.96,0.87,0.54,0.15,0.37,0.90,0.37,0.38,0.25,0.46,0.97,0.46,0.92,0.42,0.26,0.59,0.70,0.22,0.92
GRinf butyrate (terminal),0.20,0.19,0.31,0.54,0.38,0.32,0.12,0.35,0.47,0.18,0.56,0.42,0.20,0.23,0.24,0.94,0.10,0.13,0.16,0.38,0.39,0.65
GRinf cholesterol (constant),0.39,0.53,0.31,0.34,0.80,0.98,0.61,0.88,0.54,0.28,0.07,0.35,0.80,0.19,0.40,0.59,0.35,0.96,0.59,0.63,0.91,0.78
GRinf cholesterol (terminal),0.29,0.60,0.42,0.17,0.96,0.89,0.64,0.67,0.96,0.48,0.05,0.23,0.42,0.32,0.54,0.51,0.89,0.31,0.87,0.72,0.59,0.73
GRinf dormancy (constant),0.65,0.58,0.47,0.96,0.63,0.58,0.38,0.91,0.88,0.93,0.88,0.68,0.68,0.26,0.38,0.88,0.45,0.99,0.07,0.20,0.26,0.09
GRinf dormancy (terminal),0.19,0.43,0.53,0.38,0.83,0.53,0.51,0.38,0.29,0.78,0.68,0.15,0.96,0.45,0.17,0.05,0.83,0.29,0.45,0.33,0.63,0.68
GRinf standard  (constant)-terminal),0.38,0.13,0.14,0.96,0.68,0.43,0.00,0.38,0.53,0.00,0.85,0.68,0.29,0.11,0.02,0.73,0.14,0.17,0.13,0.09,0.10,0.73
GRinf valerate (constant),0.41,0.21,0.25,0.95,0.44,0.58,0.04,0.16,0.58,0.00,0.81,0.81,0.29,0.11,0.03,0.95,0.31,0.12,0.23,0.27,0.06,1.00
GRinf valerate (terminal),0.17,0.07,0.05,0.78,0.80,0.45,0.00,0.49,0.88,0.29,0.78,0.21,0.63,0.21,0.12,0.88,0.08,0.23,0.35,0.51,0.28,0.91
PK_cas AUC25 butyrate (constant),0.64,0.58,0.81,0.27,0.49,0.81,0.58,0.64,0.78,0.64,0.74,0.46,0.41,0.27,0.64,0.81,0.81,0.39,0.88,0.34,0.98,0.21
PK_cas AUC25 butyrate (terminal),0.61,0.88,0.84,0.49,0.52,0.91,0.61,0.74,0.95,0.95,0.71,0.44,0.15,0.44,0.88,0.98,0.44,0.13,1.00,0.34,1.00,0.29
PK_cas AUC25 cholesterol (constant),0.20,0.27,0.84,0.75,0.46,0.88,0.07,0.46,0.46,0.93,0.93,0.11,0.54,0.62,0.39,0.43,0.10,0.75,0.54,0.75,0.15,0.20
PK_cas AUC25 cholesterol (terminal),0.64,0.21,0.58,0.74,0.88,1.00,0.44,0.58,0.31,0.25,0.29,0.31,0.11,0.52,0.95,0.36,0.02,0.21,0.36,0.95,0.81,0.46
PK_cas AUC25 dormancy (constant),0.00,1.00,0.71,0.74,0.13,0.31,1.00,0.39,0.16,0.46,0.55,0.00,0.15,0.98,0.95,0.15,0.55,0.46,0.95,0.91,0.74,0.34
PK_cas AUC25 dormancy (terminal),0.34,0.78,0.84,0.74,0.88,0.18,0.74,0.68,0.49,0.52,0.58,0.18,0.16,0.74,0.29,0.49,0.84,0.36,0.31,0.58,0.52,0.29
PK_cas GRinf butyrate (constant),0.71,0.91,0.64,0.95,0.68,0.41,0.44,0.78,0.11,0.03,0.16,0.64,0.01,0.71,0.61,0.23,0.31,0.05,0.58,0.04,0.15,0.88
PK_cas GRinf butyrate (terminal),0.78,1.00,0.68,0.95,0.61,0.29,0.36,0.81,0.09,0.04,0.13,0.74,0.01,0.84,0.74,0.21,0.25,0.03,0.78,0.09,0.11,0.61
PK_cas GRinf cholesterol (constant),0.98,0.76,0.21,0.40,0.49,0.62,0.30,0.67,0.40,0.01,0.76,0.83,0.30,0.17,0.09,0.67,0.56,0.30,0.43,0.49,0.33,0.83
PK_cas GRinf cholesterol (terminal),0.71,0.55,0.20,0.57,0.33,0.68,0.20,0.65,0.42,0.01,0.45,0.65,0.24,0.23,0.03,0.79,0.79,0.24,0.42,0.42,0.37,0.68
PK_cas GRinf dormancy (constant),0.44,0.46,0.19,0.39,0.34,0.68,0.74,1.00,0.44,0.84,0.13,1.00,0.84,0.74,0.84,0.91,0.74,0.81,0.68,0.98,0.74,0.81
PK_cas GRinf dormancy (terminal),0.19,0.44,0.31,0.49,1.00,0.52,0.64,0.21,0.61,0.78,0.49,0.08,0.64,0.44,0.44,0.16,0.74,0.91,0.81,0.91,0.95,0.36
PK_cell AUC25 butyrate (constant),0.71,0.88,0.31,0.58,0.78,0.31,0.55,0.81,0.61,0.91,0.12,0.55,0.23,0.21,0.39,0.44,0.61,0.29,0.61,0.84,0.34,0.13
PK_cell AUC25 butyrate (terminal),0.68,0.84,0.39,0.55,0.71,0.52,0.34,1.00,0.52,0.55,0.16,0.61,0.04,0.31,0.78,0.58,0.61,0.07,0.88,0.61,0.29,0.44
PK_cell AUC25 cholesterol (constant),0.79,0.43,0.03,0.88,0.27,0.20,0.58,0.06,0.54,0.36,0.08,0.93,0.70,0.07,0.03,0.10,0.75,0.50,0.06,0.30,0.39,0.46
PK_cell AUC25 cholesterol (terminal),0.81,0.09,1.00,0.21,0.44,0.10,0.03,0.58,0.44,0.52,0.29,0.58,0.29,0.55,0.95,0.71,0.71,0.21,0.58,0.10,0.01,0.46
PK_cell AUC25 dormancy (constant),0.39,1.00,1.00,0.15,0.91,0.88,0.44,0.81,0.74,0.44,0.41,0.34,0.84,0.49,0.36,0.88,0.27,0.95,0.81,0.91,0.68,0.41
PK_cell AUC25 dormancy (terminal),0.36,0.71,0.58,0.25,0.88,0.68,0.31,0.34,0.55,0.10,0.84,0.68,0.98,0.39,0.04,0.49,0.81,0.84,0.36,0.71,0.36,0.39
PK_cell GRinf butyrate (constant),0.78,1.00,0.68,0.95,0.61,0.29,0.36,0.81,0.09,0.04,0.13,0.74,0.01,0.84,0.74,0.21,0.25,0.03,0.78,0.09,0.11,0.61
PK_cell GRinf butyrate (terminal),0.61,0.78,0.61,0.91,0.68,0.41,0.52,0.68,0.10,0.05,0.18,0.55,0.01,0.88,0.78,0.19,0.21,0.03,0.74,0.16,0.21,0.68
PK_cell GRinf cholesterol (constant),0.74,0.14,0.04,0.89,0.18,0.89,0.06,0.09,0.98,0.03,0.38,0.98,0.31,0.09,0.00,0.45,0.98,0.25,0.10,0.56,0.53,0.41
PK_cell GRinf cholesterol (terminal),0.49,0.88,0.91,0.11,0.41,0.55,0.74,0.84,0.52,0.27,1.00,0.71,0.58,0.58,0.19,0.74,0.41,0.52,0.52,0.34,0.49,0.13
PK_cell GRinf dormancy (constant),0.74,0.58,0.41,0.46,0.19,0.29,0.27,0.81,0.05,0.08,0.81,0.95,0.01,0.41,0.44,0.44,0.16,0.00,0.78,0.39,0.31,0.55
PK_cell GRinf dormancy (terminal),0.06,0.36,0.71,0.52,0.71,0.58,0.74,0.52,0.55,0.13,0.88,0.02,0.07,0.68,0.44,0.49,0.71,0.46,0.18,0.41,0.58,0.39
BLANK7,,,,,,,,,,,,,,,,,,,,,,
  5N casPK AUC50 ,0.51,0.72,0.45,0.52,0.58,0.78,0.32,0.72,0.33,0.03,0.27,0.33,0.07,0.48,0.17,0.32,0.55,0.07,0.70,0.23,0.16,0.51
 7H casPK AUC50 ,0.54,0.86,0.15,0.98,0.93,0.46,0.99,0.57,0.59,0.93,0.31,0.58,0.59,0.04,0.88,0.32,0.15,0.76,0.92,0.29,0.96,0.93
 7N casPK AUC50 ,0.86,0.22,0.59,0.85,0.54,0.11,0.03,0.45,0.25,0.11,0.38,0.92,0.13,0.99,0.38,0.30,0.18,0.03,0.44,0.29,0.01,0.34
  5N casPK FBC50 ,0.20,0.51,0.57,0.71,0.14,0.43,0.48,0.71,0.20,0.05,0.59,0.20,0.08,0.78,0.23,0.54,0.92,0.12,0.67,0.46,0.22,0.75
 7H casPK FBC50 ,0.05,0.15,0.07,0.92,0.98,0.32,0.20,0.66,0.98,0.92,0.53,0.07,0.12,0.15,0.43,0.75,0.58,0.52,0.89,0.32,0.53,0.82
 7N casPK FBC50 ,0.47,0.25,0.23,0.78,0.38,0.23,0.05,0.79,0.11,0.01,0.89,0.33,0.11,0.22,0.09,0.12,0.28,0.22,0.25,0.00,0.37,0.43
  5N casPK FBC90 ,0.23,0.47,0.74,0.63,0.11,0.36,0.52,0.59,0.18,0.05,0.93,0.22,0.15,0.86,0.26,0.74,0.85,0.25,0.67,0.52,0.30,0.68
 7H casPK FBC90 ,0.16,0.27,0.49,0.30,0.81,0.40,0.62,0.85,0.99,0.58,0.50,0.15,0.18,0.44,0.91,0.60,0.97,0.26,0.67,0.27,0.72,0.91
 7N casPK FBC90 ,0.43,0.53,0.64,0.20,0.83,0.46,0.99,0.89,0.86,0.09,0.70,0.23,0.36,0.93,0.27,0.79,0.76,0.79,0.25,0.76,0.60,0.31
  5N cellPK AUC50 ,0.06,0.26,0.79,0.09,0.64,0.49,0.72,0.31,0.95,0.22,0.49,0.07,0.32,0.66,0.59,0.23,0.79,0.74,0.63,0.98,0.85,0.44
 7H cellPK AUC50 ,0.14,0.41,0.79,0.93,0.48,0.98,0.16,0.85,0.46,0.49,0.68,0.09,0.64,0.43,0.79,0.74,0.30,0.92,1.00,0.33,0.54,0.22
 7N cellPK AUC50 ,0.78,0.57,0.54,0.06,0.40,0.88,0.55,0.37,0.75,0.54,0.15,0.95,0.85,0.85,0.75,0.19,0.40,0.44,0.14,0.70,0.26,0.74
  5N cellPK FBC50 ,0.28,0.95,0.95,0.49,0.32,0.98,0.82,0.91,0.51,0.41,0.66,0.36,0.05,0.81,0.75,0.72,0.88,0.07,0.55,0.91,0.52,0.54
 7H cellPK FBC50 ,0.27,0.85,0.81,0.18,0.23,0.66,0.36,0.86,0.78,0.82,0.85,0.25,0.06,0.68,0.93,0.88,0.81,0.20,0.11,0.54,0.60,0.40
 7N cellPK FBC50 ,0.07,0.32,0.53,0.95,0.67,0.86,0.32,0.41,0.25,0.45,0.78,0.09,0.07,0.98,0.64,0.19,0.98,0.34,0.54,0.39,0.85,0.81
  5N cellPK FBC90 ,0.74,0.85,0.86,0.18,0.48,0.44,0.57,0.63,0.57,0.51,0.31,0.68,0.60,0.79,0.82,0.16,0.64,0.35,0.52,0.17,0.83,0.70
 7H cellPK FBC90 ,0.20,0.18,0.30,0.85,0.70,0.04,0.18,0.80,0.28,0.36,0.31,0.27,0.39,0.40,0.76,0.48,0.39,0.53,0.89,0.01,0.30,0.76
 7N cellPK FBC90 ,0.18,0.04,0.04,0.48,0.59,0.06,0.04,0.45,0.53,0.98,0.55,0.18,0.36,0.43,0.55,0.85,0.46,0.93,0.26,0.30,0.17,0.64
  5N equip AUC50 ,0.63,0.82,0.75,1.00,0.55,0.25,0.46,0.30,0.15,0.16,0.27,0.32,0.06,0.44,0.93,0.15,0.25,0.08,0.38,0.33,0.03,0.25
 7H equip AUC50 ,0.85,0.55,0.13,0.30,0.60,0.62,0.11,0.54,0.63,0.53,0.11,0.82,0.62,0.19,0.10,0.71,0.16,0.39,0.57,0.96,0.96,0.25
 7N equip AUC50 ,0.57,0.17,0.15,0.33,0.19,0.79,0.39,0.25,0.96,0.37,0.33,0.58,0.98,0.37,0.04,0.12,0.99,0.48,0.59,0.43,0.72,0.71
  5N equip FBC50 ,0.72,0.51,0.86,0.23,0.11,0.02,0.49,0.52,0.01,0.08,0.10,0.60,0.03,0.95,0.96,0.10,0.04,0.04,0.78,0.16,0.06,0.02
 7H equip FBC50 ,0.20,0.89,0.83,0.41,0.22,0.16,0.39,0.71,0.13,0.58,0.44,0.19,0.86,0.96,0.74,0.46,0.25,0.89,0.38,0.63,0.88,0.01
 7N equip FBC50 ,0.25,0.29,0.35,0.83,0.86,0.09,0.11,0.85,0.35,0.98,0.71,0.22,0.86,0.54,0.67,0.17,0.26,0.75,0.38,0.03,0.20,0.92
5N equip FBC90 ,0.01,0.99,0.74,0.51,0.21,0.54,0.72,0.89,0.24,0.52,0.83,0.02,0.52,0.96,0.70,0.58,0.82,0.91,0.71,0.62,0.53,0.28
 7H equip FBC90 ,0.14,0.85,0.52,0.78,0.40,0.74,0.63,0.58,0.49,0.67,0.57,0.09,0.52,0.71,0.72,0.62,0.19,0.64,0.70,0.17,0.82,0.11
 7N equip FBC90 ,0.95,0.99,0.95,0.55,0.41,0.16,0.41,0.39,0.36,0.58,0.58,0.75,0.60,0.43,0.16,0.05,0.75,0.79,0.01,0.14,0.28,0.95