Compound,MarmID,Lesion,TP1_MeanHU,TP2_MeanHU,TP3_MeanHU,TP4_MeanHU,TP5_MeanHU,TP6_MeanHU,TP1_MedianHU,TP2_MedianHU,TP3_MedianHU,TP4_MedianHU,TP5_MedianHU,TP6_MedianHU,TP1_StandDevHU,TP2_StandDevHU,TP3_StandDevHU,TP4_StandDevHU,TP5_StandDevHU,TP6_StandDevHU,TP1_MeanSUV,TP2_MeanSUV,TP3_MeanSUV,TP4_MeanSUV,TP5_MeanSUV,TP6_MeanSUV,TP1_MedianSUV,TP2_MedianSUV,TP3_MedianSUV,TP4_MedianSUV,TP5_MedianSUV,TP6_MedianSUV,TP1_StandDevSUV,TP2_StandDevSUV,TP3_StandDevSUV,TP4_StandDevSUV,TP5_StandDevSUV,TP6_StandDevSUV,TP1_MaxSUV,TP2_MaxSUV,TP3_MaxSUV,TP4_MaxSUV,TP5_MaxSUV,TP6_MaxSUV,TP1_HighSUV,TP2_HighSUV,TP3_HighSUV,TP4_HighSUV,TP5_HighSUV,TP6_HighSUV,TP1_VOLMORE1p5_SUV,TP2_VOLMORE1p5_SUV,TP3_VOLMORE1p5_SUV,TP4_VOLMORE1p5_SUV,TP5_VOLMORE1p5_SUV,TP6_VOLMORE1p5_SUV,TP1_VOLMORE2_SUV,TP2_VOLMORE2_SUV,TP3_VOLMORE2_SUV,TP4_VOLMORE2_SUV,TP5_VOLMORE2_SUV,TP6_VOLMORE2_SUV,TP1_TLG_SUV,TP2_TLG_SUV,TP3_TLG_SUV,TP4_TLG_SUV,TP5_TLG_SUV,TP6_TLG_SUV,TP1_TLG_HardPlusSoft_SUV,TP2_TLG_HardPlusSoft_SUV,TP3_TLG_HardPlusSoft_SUV,TP4_TLG_HardPlusSoft_SUV,TP5_TLG_HardPlusSoft_SUV,TP6_TLG_HardPlusSoft_SUV,TP1_TLG_HardPlusSoft_SublesionDivMuscleTLG,TP2_TLG_HardPlusSoft_SublesionDivMuscleTLG,TP3_TLG_HardPlusSoft_SublesionDivMuscleTLG,TP4_TLG_HardPlusSoft_SublesionDivMuscleTLG,TP5_TLG_HardPlusSoft_SublesionDivMuscleTLG,TP6_TLG_HardPlusSoft_SublesionDivMuscleTLG,TP1_SoftVol,TP2_SoftVol,TP3_SoftVol,TP4_SoftVol,TP5_SoftVol,TP6_SoftVol,TP1_HardVol,TP2_HardVol,TP3_HardVol,TP4_HardVol,TP5_HardVol,TP6_HardVol,TP1_log10CFU,TP2_log10CFU,TP3_log10CFU,TP4_log10CFU,TP5_log10CFU,TP6_log10CFU,TP1_LesionType,TP2_LesionType,TP3_LesionType,TP4_LesionType,TP5_LesionType,TP6_LesionType,TP1_FinalLesionType,TP2_FinalLesionType,TP3_FinalLesionType,TP4_FinalLesionType,TP5_FinalLesionType,TP6_FinalLesionType,TP1_Consolidate,TP2_Consolidate,TP3_Consolidate,TP4_Consolidate,TP5_Consolidate,TP6_Consolidate,TP1_Contour,TP2_Contour,TP3_Contour,TP4_Contour,TP5_Contour,TP6_Contour
INH+PZA,750NB,6,-259.41,-209.25,-274.66,-395.41,-418.64,-453.58,-244.51,-162.32,-299.07,-420.48,-431.44,-502.18,237.34,265.01,227.15,242.88,234.02,192.64,1.21,2.48,1.59,0.77,0.54,0.51,1.13,2.5,1.54,0.76,0.54,0.42,0.39,0.62,0.41,0.13,0.11,0.22,2.29,3.69,2.51,1.1,0.81,0.92,0.01,0.09,0.01,0.0,0.0,0.0,,,,,,,0.01,0.09,0.01,0.0,0.0,0.0,0.22,0.28,0.12,0.04,0.02,0.01,0.18,0.24,0.09,0.02,0.01,0.01,0.0,0.0,0.0,0.0,0.0,0.0,0.09,0.05,0.04,0.02,0.01,0.01,0.05,0.05,0.02,0.01,0.0,0.0,,,,,,,Fibrotic,Fibrotic,Fibrotic,Fibrotic,Fibrotic,Fibrotic,Fibrotic,Fibrotic,Fibrotic,Fibrotic,Fibrotic,Fibrotic,FALSE,FALSE,FALSE,FALSE,FALSE,FALSE,Lesion 06 Day 037 FG,Lesion 06 Day 052 FG,Lesion 06 Day 065 FG,Lesion 06 Day 079 FG,Lesion 06 Day 093 FG,Lesion 06 Day 106 FG
LZD,BI01,14,-666.02,-2.34,-527.33,-231.79,-304.68,-443.65,-687.07,33.89,-656.4,-123.02,-247.78,-484.57,138.07,172.57,316.59,306.04,365.24,300.05,0.86,5.24,2.79,3.6,3.54,3.44,0.83,5.13,2.65,3.68,3.47,3.43,0.16,1.02,1.05,0.95,1.37,1.07,1.42,7.49,5.53,5.8,7.41,5.54,0.0,0.08,0.08,0.08,0.17,0.09,,,,,,,0.0,0.08,0.08,0.08,0.17,0.09,0.04,0.4,0.3,0.31,0.69,0.35,0.01,0.38,0.14,0.27,0.27,0.49,0.0,0.0,0.0,0.0,0.0,0.0,0.01,0.01,0.02,0.02,0.05,0.04,0.0,0.07,0.02,0.04,0.07,0.02,4.17,4.17,4.17,4.17,4.17,,NA,NA,NA,NA,NA,NA,NA,NA,NA,NA,NA,NA,FALSE,FALSE,FALSE,FALSE,FALSE,FALSE,Lesion 14 Day 033 CEB,Lesion 14 Day 053 CEB,Lesion 14 Day 067 CEB,Lesion 14 Day 081 CEB,Lesion 14 Day 095 CEB,Lesion 14 Day 109 CEB
LZD,BI07,4,-592.33,-474.7,-520.88,-618.22,-566.92,-643.61,-647.11,-538.41,-614.89,-700.57,-656.7,-701.92,230.02,289.02,312.91,259.52,272.73,218.44,2.16,2.98,3.71,2.73,2.26,1.53,2.08,2.83,3.44,2.45,2.18,1.53,0.57,1.19,1.43,1.15,0.6,0.36,3.46,5.72,7.76,6.09,3.76,2.25,0.03,0.11,0.14,0.09,0.05,0.01,,,,,,,0.03,0.11,0.14,0.09,0.05,0.01,0.14,0.45,0.58,0.37,0.18,0.1,0.04,0.26,0.31,0.13,0.07,0.02,0.0,0.0,0.0,0.0,0.0,0.0,0.02,0.05,0.04,0.03,0.02,0.01,0.0,0.02,0.02,0.01,0.01,0.0,,,,,,,Fibrotic,Fibrotic,Fibrotic,Fibrotic,Fibrotic,Fibrotic,Fibrotic,Fibrotic,Fibrotic,Fibrotic,Fibrotic,Fibrotic,FALSE,FALSE,FALSE,FALSE,FALSE,FALSE,Lesion 04 Day 033 ceb,Lesion 04 day 055 ceb,Lesion 04 day 069 ceb,Lesion 04 day 085 ceb,Lesion 04 day 098 ceb,Lesion 04 day 111 ceb
LZD,BI07,12,-480.79,-383.29,-372.07,-433.63,-529.46,-627.68,-508.38,-417.18,-363.8,-461.08,-580.83,-655.12,198.56,270.02,284.21,247.93,235.81,208.55,2.67,3.67,4.74,2.76,2.4,1.85,2.66,3.65,4.64,2.61,2.44,1.81,0.32,0.64,1.15,0.6,0.31,0.32,4.02,5.82,11.43,4.17,3.9,3.36,0.04,0.06,0.06,0.05,0.03,0.01,,,,,,,0.04,0.06,0.06,0.05,0.03,0.01,0.11,0.21,0.33,0.14,0.08,0.06,0.05,0.14,0.2,0.08,0.03,0.02,0.0,0.0,0.0,0.0,0.0,0.0,0.02,0.03,0.03,0.02,0.01,0.01,0.0,0.01,0.01,0.01,0.0,0.0,,,,,,,Fibrotic,Fibrotic,Fibrotic,Fibrotic,Fibrotic,Fibrotic,Fibrotic,Fibrotic,Fibrotic,Fibrotic,Fibrotic,Fibrotic,FALSE,FALSE,FALSE,FALSE,FALSE,FALSE,Lesion 12 Day 033 ceb,Lesion 12 day 055 ceb,Lesion 12 day 069 ceb,Lesion 12 day 085 ceb,Lesion 12 day 098 ceb,Lesion 12 day 111 ceb
RIF,BI60,1,-453.36,-354.17,-297.28,-319.56,-431.51,-461.94,-491.34,-344.89,-296.03,-324.07,-454.12,-476.29,188.42,268.11,234.12,221.32,180.96,163.22,1.04,1.46,1.35,1.3,0.77,1.05,1.01,1.41,1.28,1.3,0.75,0.85,0.13,0.36,0.32,0.23,0.11,0.48,1.32,2.34,2.21,1.82,1.15,2.69,0.0,0.02,0.0,0.0,0.0,0.0,,,,,,,0.0,0.02,0.0,0.0,0.0,0.0,0.04,0.21,0.12,0.08,0.04,0.03,0.04,0.18,0.11,0.08,0.03,0.03,0.0,0.0,0.0,0.0,0.0,0.0,0.03,0.07,0.05,0.04,0.03,0.02,0.0,0.04,0.03,0.02,0.01,0.0,,,,,,,Fibrotic,Fibrotic,Fibrotic,Fibrotic,Fibrotic,Fibrotic,Fibrotic,Fibrotic,Fibrotic,Fibrotic,Fibrotic,Fibrotic,FALSE,FALSE,FALSE,FALSE,FALSE,FALSE,Lesion 01 Day 037 FG,Lesion 01 Day 052 FG,Lesion 01 Day 065 FG,Lesion 01 Day 079 FG,Lesion 01 Day 093 FG,Lesion 01 Day 106 FG
PZA,BI76,1,-441.89,-424.58,-654.24,-380.29,-561.31,-638.49,-459.06,-445.33,-704.19,-416.94,-587.09,-655.64,200.07,202.12,210.28,186.36,145.29,129.33,0.42,0.87,1.58,0.93,0.94,0.99,0.39,0.9,1.41,0.97,0.96,1.01,0.1,0.1,0.52,0.19,0.06,0.09,0.73,1.07,2.94,1.21,1.01,1.11,0.0,0.0,0.01,0.0,0.0,0.0,,,,,,,0.0,0.0,0.01,0.0,0.0,0.0,0.01,0.03,0.06,0.02,0.01,0.01,0.0,0.02,0.01,0.01,0.0,0.0,0.0,0.0,0.0,0.0,0.0,0.0,0.01,0.02,0.01,0.01,0.0,0.0,0.0,0.0,0.0,0.0,0.0,0.0,,,,,,,Fibrotic Scar,Fibrotic Scar,Fibrotic Scar,Fibrotic Scar,Fibrotic Scar,Fibrotic Scar,Fibrotic,Fibrotic,Fibrotic,Fibrotic,Fibrotic,Fibrotic,FALSE,FALSE,FALSE,FALSE,FALSE,FALSE,Lesion 01 Day 038 FG,Lesion 01 Day 051 FG,Lesion 01 Day 064 FG,Lesion 01 Day 078 FG,Lesion 01 Day 092 FG,Lesion 01 Day 105 FG
PZA,BI76,11,-722.08,-481.39,-450.98,-631.42,-717.53,-725.16,-736.79,-513.76,-489.97,-685.11,-727.36,-744.33,117.06,254.48,237.56,195.21,142.58,112.62,1.01,1.56,1.44,1.14,0.7,0.62,1.01,1.53,1.44,1.19,0.72,0.62,0.03,0.15,0.15,0.12,0.06,0.06,1.12,1.89,1.74,1.39,0.82,0.73,0.0,0.0,0.0,0.0,0.0,0.0,,,,,,,0.0,0.0,0.0,0.0,0.0,0.0,0.01,0.03,0.02,0.01,0.01,0.0,0.0,0.01,0.01,0.0,0.0,0.0,0.0,0.0,0.0,0.0,,0.0,0.0,0.01,0.01,0.0,0.0,0.0,0.0,0.0,0.0,0.0,0.0,0.0,,,,,,,Not Visible,Not Visible,Not Visible,Not Visible,Not Visible,Not Visible,Not Visible,Not Visible,Not Visible,Not Visible,Not Visible,Not Visible,FALSE,FALSE,FALSE,FALSE,FALSE,FALSE,Lesion 11 Day 038 FG,Lesion 11 Day 051 FG,Lesion 11 Day 064 FG,Lesion 11 Day 078 FG,Lesion 11 Day 092 FG,Lesion 11 Day 105 FG
MOX,BJ16,13,-609.64,-435.8,-453.42,-498.13,-506.86,-653.03,-636.9,-494.25,-496.06,-545.42,-539.34,-688.08,125.15,223.96,194.54,167.62,166.62,103.08,0.46,1.92,0.51,0.32,0.21,0.34,0.47,1.85,0.5,0.34,0.21,0.31,0.07,0.34,0.04,0.06,0.02,0.05,0.58,2.64,0.61,0.44,0.24,0.46,0.0,0.01,0.0,0.0,0.0,0.0,,,,,,,0.0,0.01,0.0,0.0,0.0,0.0,0.0,0.03,0.0,0.0,0.0,0.0,0.0,0.02,0.0,0.0,0.0,0.0,0.0,0.0,0.0,0.0,0.0,0.0,0.0,0.01,0.01,0.0,0.0,0.0,0.0,0.0,0.0,0.0,0.0,0.0,,,,,,,NA,NA,NA,NA,NA,NA,NA,NA,NA,NA,NA,NA,FALSE,FALSE,FALSE,FALSE,FALSE,FALSE,Lesion 13 Day 033 FG,Lesion 13 Day 047 FG,Lesion 13 Day 060 FG,Lesion 13 Day 074 FG,Lesion 13 Day 090 FG,Lesion 13 Day 101 FG
PMD,BJ27,5,-466.88,-361.19,-351.99,-468.52,-468.93,-509.88,-503.48,-394.92,-388.67,-486.07,-514.0,-529.0,194.55,194.56,185.97,190.67,142.07,113.87,0.65,0.95,0.61,0.58,0.3,0.39,0.66,0.89,0.61,0.58,0.3,0.41,0.09,0.23,0.13,0.08,0.03,0.08,0.75,1.43,0.92,0.81,0.39,0.51,0.0,0.0,0.0,0.0,0.0,0.0,,,,,,,0.0,0.0,0.0,0.0,0.0,0.0,0.01,0.02,0.01,0.0,0.0,0.0,0.01,0.02,0.01,0.0,0.0,0.0,0.0,0.0,0.0,0.0,0.0,0.0,0.01,0.01,0.01,0.01,0.0,0.0,0.0,0.0,0.0,0.0,0.0,0.0,,,,,,,NA,NA,NA,NA,NA,NA,NA,NA,NA,NA,NA,NA,FALSE,FALSE,FALSE,FALSE,FALSE,FALSE,Lesion 05 Day 036 FG,Lesion 05 Day 045 FG,Lesion 05 Day 060 FG,Lesion 05 Day 074 FG,Lesion 05 Day 088 FG,Lesion 05 Day 101 FG
PMD,BJ27,12,40.29,7.57,-3.2,27.49,29.47,88.43,86.4,52.01,28.25,73.63,27.94,87.55,214.48,194.65,206.91,182.37,110.97,56.27,1.88,2.33,1.57,1.34,1.13,1.07,1.83,2.4,1.62,1.34,1.15,1.1,0.34,0.32,0.23,0.19,0.16,0.09,2.63,2.9,1.93,1.72,1.45,1.19,0.01,0.02,0.0,0.0,0.0,0.0,,,,,,,0.01,0.02,0.0,0.0,0.0,0.0,0.04,0.05,0.03,0.01,0.02,0.01,0.03,0.05,0.02,0.01,0.02,0.01,0.0,0.0,0.0,0.0,0.0,0.0,0.0,0.0,0.0,0.0,0.0,0.0,0.01,0.02,0.01,0.01,0.02,0.0,,,,,,,NA,NA,NA,NA,NA,NA,NA,NA,NA,NA,NA,NA,FALSE,FALSE,FALSE,FALSE,FALSE,FALSE,Lesion 12 Day 036 FG,Lesion 12 Day 045 FG,Lesion 12 Day 060 FG,Lesion 12 Day 074 FG,Lesion 12 Day 088 FG,Lesion 12 Day 101 FG
PMD,BJ27,13,-308.83,-169.2,-214.04,-293.93,-331.13,-297.03,-322.29,-112.0,-177.19,-305.66,-346.3,-311.15,203.67,207.07,199.03,213.91,231.21,205.24,1.49,1.78,1.57,1.64,1.36,1.57,1.43,1.73,1.37,1.54,1.3,1.56,0.41,0.51,0.78,0.61,0.43,0.43,2.41,3.16,3.57,3.21,2.33,2.54,0.01,0.06,0.05,0.03,0.0,0.01,,,,,,,0.01,0.06,0.05,0.03,0.0,0.01,0.07,0.31,0.25,0.16,0.07,0.06,0.06,0.31,0.25,0.15,0.07,0.06,0.0,0.0,0.0,0.0,0.0,0.0,0.03,0.06,0.08,0.06,0.03,0.02,0.02,0.11,0.09,0.03,0.02,0.01,,,,,,,NA,NA,NA,NA,NA,NA,NA,NA,NA,NA,NA,NA,TRUE,TRUE,TRUE,TRUE,TRUE,TRUE,Lesion 13z14 Day 036 FG,Lesion 13z14 Day 045 FG,Lesion 13z14 Day 060 FG,Lesion 13z14 Day 074 FG,Lesion 13z14 Day 088 FG,Lesion 13z14 Day 101 FG
DLM+OPC,BJ28,6,-136.26,-149.22,-173.85,-110.64,-365.18,-218.27,-138.19,-107.31,-172.32,-119.96,-376.31,-232.8,271.33,244.68,257.84,271.42,217.81,292.25,0.35,1.74,0.48,0.34,0.34,0.39,0.36,1.74,0.47,0.34,0.33,0.38,0.03,0.47,0.16,0.07,0.05,0.05,0.42,2.69,0.89,0.49,0.49,0.46,0.0,0.01,0.0,0.0,0.0,0.0,,,,,,,0.0,0.01,0.0,0.0,0.0,0.0,0.0,0.07,0.02,0.01,0.0,0.01,0.0,0.07,0.01,0.01,0.0,0.01,0.0,0.0,0.0,0.0,0.0,0.0,0.0,0.02,0.01,0.01,0.01,0.01,0.0,0.02,0.01,0.01,0.0,0.01,,,,,,,NA,NA,NA,NA,NA,NA,NA,NA,NA,NA,NA,NA,FALSE,FALSE,FALSE,FALSE,FALSE,FALSE,Lesion 06 Day 033 FG,Lesion 06 Day 046 FG,Lesion 06 Day 060 FG,Lesion 06 Day 074 FG,Lesion 05 Day 088 JF,Lesion 06 Day 102 FG
PZA,BJ45,10,-679.78,-414.85,-461.29,-578.11,-713.48,-685.19,-691.67,-424.62,-490.57,-611.28,-736.79,-701.98,112.42,168.62,148.15,126.31,155.54,112.14,0.83,0.91,0.69,1.02,1.44,0.55,0.81,0.89,0.7,1.02,1.42,0.54,0.13,0.11,0.04,0.1,0.1,0.08,1.14,1.24,0.74,1.15,1.59,0.65,0.0,0.0,0.0,0.0,0.0,0.0,,,,,,,0.0,0.0,0.0,0.0,0.0,0.0,0.01,0.01,0.0,0.0,0.01,0.0,0.0,0.01,0.0,0.0,0.0,0.0,0.0,0.0,0.0,0.0,0.0,0.0,0.0,0.0,0.0,0.0,0.0,0.0,0.0,0.0,0.0,0.0,0.0,0.0,,,,,,,Not Visible,Not Visible,Not Visible,Not Visible,Not Visible,Not Visible,Not Visible,Not Visible,Not Visible,Not Visible,Not Visible,Not Visible,FALSE,FALSE,FALSE,FALSE,FALSE,FALSE,Lesion 10 Day 038 FG,Lesion 10 Day 051 FG,Lesion 10 Day 064 FG,Lesion 10 Day 080 FG,Lesion 10 Day 092 FG,Lesion 10 Day 105 FG
PMD,BK21,1,-69.48,-55.15,-78.02,-55.05,-44.55,-74.27,17.31,16.76,-2.52,24.57,9.38,-5.98,213.02,189.97,199.15,192.01,171.81,199.36,0.95,2.02,0.67,0.87,0.94,0.86,0.94,1.96,0.68,0.86,0.92,0.86,0.28,0.74,0.15,0.21,0.28,0.21,1.54,3.81,0.96,1.51,1.62,1.35,0.0,0.08,0.0,0.0,0.0,0.0,,,,,,,0.0,0.08,0.0,0.0,0.0,0.0,0.1,0.33,0.14,0.15,0.18,0.16,0.09,0.33,0.14,0.15,0.18,0.16,0.0,0.0,0.0,0.0,0.0,0.0,0.02,0.03,0.05,0.03,0.03,0.04,0.08,0.13,0.14,0.14,0.16,0.15,,,,,,2.55,Fibrotic Scar,Fibrotic Scar,Fibrotic Scar,Fibrotic Scar,Fibrotic Scar,Fibrotic Scar,Fibrotic,Fibrotic,Fibrotic,Fibrotic,Fibrotic,Fibrotic,FALSE,FALSE,FALSE,FALSE,FALSE,FALSE,Lesion 01 Day 036 FG,Lesion 01 Day 045 FG,Lesion 01 Day 060 FG,Lesion 01 Day 074 FG,Lesion 01 Day 088 FG,Lesion 01 Day 101 FG
PMD,BK21,2,-237.55,-131.55,-163.55,-154.13,-152.69,-183.18,-221.21,-50.55,-95.18,-74.26,-77.11,-123.71,231.32,207.88,235.25,233.08,230.52,234.99,1.25,3.02,1.06,1.63,1.66,1.4,1.27,3.01,1.05,1.6,1.63,1.36,0.28,1.03,0.29,0.54,0.54,0.43,1.84,5.3,1.73,2.84,2.82,2.37,0.0,0.26,0.0,0.09,0.1,0.03,,,,,,,0.0,0.26,0.0,0.09,0.1,0.03,0.15,0.98,0.68,0.51,0.54,0.39,0.15,0.97,0.65,0.5,0.53,0.38,0.0,0.0,0.0,0.0,0.0,0.0,0.06,0.1,0.22,0.11,0.12,0.11,0.05,0.22,0.39,0.2,0.21,0.16,,,,,,4.19,Cavity,Cavity,Cavity,Cavity,Cavity,Cavity,Cavity,Cavity,Cavity,Cavity,Cavity,Cavity,FALSE,FALSE,FALSE,FALSE,FALSE,FALSE,Lesion 02 Day 036 FG,Lesion 02 Day 045 FG,Lesion 02 Day 060 FG,Lesion 02 Day 074 FG,Lesion 02 Day 088 FG,Lesion 02 Day 101 FG
PMD,BK21,3,-224.84,-144.07,-111.59,-95.49,-51.97,-33.31,-196.75,-72.65,-10.76,3.98,34.09,31.93,222.4,221.98,222.76,217.94,199.21,180.19,1.1,2.87,1.2,1.65,2.07,1.85,1.0,2.45,1.18,1.63,2.05,1.82,0.35,1.53,0.29,0.62,0.72,0.69,1.97,7.33,1.89,2.96,3.75,3.55,0.0,0.36,0.0,0.15,0.32,0.37,,,,,,,0.0,0.36,0.0,0.15,0.32,0.37,0.13,1.63,0.59,0.79,1.24,1.79,0.13,1.6,0.58,0.78,1.23,1.76,0.0,0.0,0.0,0.0,0.0,0.0,0.06,0.19,0.13,0.11,0.11,0.13,0.06,0.36,0.34,0.37,0.47,0.82,,,,,,5.49,Cavity,Cavity,Cavity,Cavity,Cavity,Cavity,Cavity,Cavity,Cavity,Cavity,Cavity,Cavity,TRUE,TRUE,TRUE,TRUE,TRUE,TRUE,Lesion 03z04 Day 036 FG,Lesion 03z04 Day 045 FG,Lesion 03z04 Day 060 FG,Lesion 03z04 Day 074 FG,Lesion 03z04 Day 088 FG,Lesion 03z04 Day 101 FG
PMD,BK21,5,-76.29,4.89,-17.19,-4.36,6.28,3.65,19.35,29.82,32.48,38.98,34.09,35.92,190.83,106.03,149.9,145.09,127.29,131.84,1.68,3.65,1.5,1.95,2.0,1.81,1.68,3.46,1.61,1.95,1.98,1.77,0.43,1.57,0.45,0.6,0.53,0.48,2.55,7.75,2.31,3.24,3.85,3.11,0.08,1.01,0.14,0.5,0.63,0.63,,,,,,,0.08,1.01,0.14,0.5,0.63,0.63,0.5,4.43,1.87,2.07,2.64,3.38,0.5,4.43,1.87,2.07,2.63,3.36,0.0,0.0,0.0,0.0,0.0,0.0,0.07,0.05,0.13,0.09,0.08,0.12,0.23,1.14,1.13,0.99,1.24,1.72,,,,,,6.31,Cavity,Cavity,Cavity,Cavity,Cavity,Cavity,Cavity,Cavity,Cavity,Cavity,Cavity,Cavity,TRUE,TRUE,TRUE,TRUE,TRUE,TRUE,Lesion 05z06 Day 036 FG,Lesion 05z06 Day 045 FG,Lesion 05z06 Day 060 FG,Lesion 05z06 Day 074 FG,Lesion 05z06 Day 088 FG,Lesion 05z06 Day 101 FG
PMD,BK21,7,-307.84,-276.6,-268.36,-264.22,-219.0,-263.69,-327.23,-290.64,-286.66,-271.93,-196.55,-261.39,223.69,220.41,224.14,226.07,227.88,232.25,0.81,2.7,0.67,1.14,1.3,1.26,0.75,2.61,0.61,1.14,1.26,1.22,0.22,1.07,0.28,0.4,0.49,0.47,1.4,5.17,1.42,2.07,2.54,2.29,0.0,0.1,0.0,0.0,0.02,0.01,,,,,,,0.0,0.1,0.0,0.0,0.02,0.01,0.04,0.38,0.11,0.18,0.32,0.3,0.04,0.38,0.11,0.18,0.31,0.29,0.0,0.0,0.0,0.0,0.0,0.0,0.03,0.08,0.09,0.09,0.12,0.13,0.02,0.05,0.07,0.07,0.12,0.1,,,,,,4.84,Cavity,Cavity,Cavity,Cavity,Cavity,Cavity,Cavity,Cavity,Cavity,Cavity,Cavity,Cavity,FALSE,FALSE,FALSE,FALSE,FALSE,FALSE,Lesion 07 Day 036 FG,Lesion 07 Day 045 FG,Lesion 07 Day 060 FG,Lesion 07 Day 074 FG,Lesion 07 Day 088 FG,Lesion 07 Day 101 FG
RIF,BM01,3,-484.57,-363.79,-384.79,-461.67,-612.77,-580.64,-483.82,-393.59,-395.46,-479.46,-619.92,-574.19,148.45,193.5,170.67,122.8,110.89,115.85,0.53,1.03,0.95,0.51,0.51,0.4,0.53,1.0,0.93,0.53,0.44,0.33,0.04,0.25,0.16,0.1,0.19,0.19,0.59,1.66,1.3,0.76,1.17,0.74,0.0,0.0,0.0,0.0,0.0,0.0,,,,,,,0.0,0.0,0.0,0.0,0.0,0.0,0.0,0.02,0.02,0.0,0.01,0.0,0.0,0.01,0.01,0.0,0.0,0.0,0.0,0.0,0.0,0.0,0.0,0.0,0.01,0.01,0.01,0.01,0.01,0.0,0.0,0.0,0.0,0.0,0.0,0.0,,,,,,,NA,NA,NA,NA,NA,NA,NA,NA,NA,NA,NA,NA,FALSE,FALSE,FALSE,FALSE,FALSE,FALSE,Lesion 03 Day 036 FG,Lesion 03 Day 051 FG,Lesion 03 Day 064 FG,Lesion 03 Day 078 FG,Lesion 03 Day 092 FG,Lesion 03 Day 105 FG
BDQ+LZD,BM07,21,-361.2,-304.5,-386.44,-535.6,-461.91,-553.58,-362.0,-320.0,-378.0,-552.0,-479.0,-556.0,147.72,133.3,192.1,127.28,67.23,61.64,1.02,1.15,0.06,0.62,0.59,0.53,1.01,1.11,0.06,0.61,0.57,0.52,0.08,0.13,0.01,0.06,0.05,0.02,1.18,1.53,0.09,0.77,0.68,0.59,0.0,0.0,0.0,0.0,0.0,0.0,0,0,0,0,0,0,0.0,0.0,0.0,0.0,0.02,0.13,0.01,0.0,0.0,0.0,0.0,0.0,0.0,0.0,0.0,0.0,0.0,0.0,0.0,0.0,0.0,0.0,0.0,0.0,0.0,0.0,0.0,0.0,0.0,0.0,0.0,0.0,0.0,0.0,0.0,0.0,,,,,,,NA,NA,NA,NA,NA,NA,NA,NA,NA,NA,NA,NA,FALSE,FALSE,FALSE,FALSE,FALSE,FALSE,Lesion 21 Day 031 AA,Lesion 21 Day 045 AA,Lesion 21 Day 060 AA,Lesion 21 Day 075 AA,Lesion 21 Day 088 AA,Lesion 21 Day 101 AA
BDQ+LZD,BM07,22,-418.68,-311.02,-401.98,-543.29,-452.85,-507.47,-431.0,-329.0,-419.0,-566.0,-479.0,-525.0,134.78,158.31,174.59,137.07,83.74,89.09,0.64,0.73,0.05,0.41,0.42,0.41,0.65,0.7,0.04,0.41,0.41,0.41,0.02,0.09,0.01,0.03,0.04,0.02,0.72,1.04,0.06,0.49,0.5,0.44,0.0,0.0,0.0,0.0,0.0,0.0,0,0,0,0,0,0,0.02,0.0,0.0,0.0,0.14,0.01,0.0,0.01,0.0,0.0,0.0,0.0,0.0,0.0,0.0,0.0,0.0,0.0,0.0,0.0,0.0,0.0,0.0,0.0,0.01,0.0,0.0,0.0,0.0,0.0,0.0,0.0,0.0,0.0,0.0,0.0,,,,,,,NA,NA,NA,NA,NA,NA,NA,NA,NA,NA,NA,NA,FALSE,FALSE,FALSE,FALSE,FALSE,FALSE,Lesion 22 Day 031 AA,Lesion 22 Day 045 AA,Lesion 22 Day 060 AA,Lesion 22 Day 075 AA,Lesion 22 Day 088 AA,Lesion 22 Day 101 AA
BDQ+LZD,BM07,24,-454.94,-368.97,-370.55,-453.26,-476.46,-556.04,-459.0,-385.0,-378.0,-452.0,-484.0,-571.0,100.71,104.53,120.81,125.42,52.54,97.29,0.59,0.58,0.04,0.39,0.31,0.31,0.58,0.52,0.04,0.38,0.31,0.31,0.04,0.19,0.01,0.04,0.01,0.02,0.68,1.27,0.07,0.48,0.33,0.36,0.01,0.01,0.01,0.0,0.0,0.0,0.01,0.01,0.01,0,0,0,0.01,0.0,0.0,0.19,0.0,0.01,0.01,0.01,0.0,0.0,0.0,0.0,0.0,0.01,0.0,0.0,0.0,0.0,0.014705882352941176,0.007874015748031496,0.14285714285714285,0.0,0.0,0.0,0.01,0.01,0.01,0.0,0.0,0.0,0.0,0.0,0.0,0.0,0.0,0.0,,,,,,,NA,NA,NA,NA,NA,NA,NA,NA,NA,NA,NA,NA,FALSE,FALSE,FALSE,FALSE,FALSE,FALSE,Lesion 24 Day 031 AA,Lesion 24 Day 045 AA,Lesion 24 Day 060 AA,Lesion 24 Day 075 AA,Lesion 24 Day 088 AA,Lesion 24 Day 101 AA
INH+PZA,BM16,16,-363.11,-260.82,-302.41,-293.78,-422.08,-375.22,-379.0,-269.0,-311.0,-295.0,-431.0,-390.0,118.0,164.62,132.78,156.56,127.59,119.36,0.46,1.07,1.06,0.52,0.39,0.28,0.46,0.92,1.03,0.52,0.39,0.28,0.05,0.45,0.4,0.06,0.03,0.01,0.61,2.41,2.08,0.65,0.46,0.31,0.0,0.01,0.01,0.0,0.0,0.0,0,0.01,0.01,0,0,0,0.0,0.0,0.0,0.0,0.0,0.0,0.02,0.06,0.06,0.01,0.01,0.01,0.01,0.06,0.06,0.01,0.01,0.0,0.0,0.004149377593360996,0.004807692307692308,0.0,0.0,0.0,0.03,0.04,0.04,0.01,0.02,0.01,0.0,0.02,0.01,0.0,0.0,0.0,,,,,,,NA,NA,NA,NA,NA,NA,NA,NA,NA,NA,NA,NA,FALSE,FALSE,FALSE,FALSE,FALSE,FALSE,Lesion 16 Day 031 AA,Lesion 16 Day 044 AA,Lesion 16 Day 058 AA,Lesion 16 Day 071 FG,Lesion 16 Day 086 AA,Lesion 16 Day 099 AA
INH+PZA,BM16,20,-452.11,-242.49,-303.35,-270.63,-361.69,-324.72,-455.0,-230.0,-300.0,-271.0,-366.0,-328.0,99.65,128.78,115.98,144.04,129.18,136.45,0.46,1.09,1.03,0.82,0.66,0.4,0.45,1.04,1.05,0.79,0.66,0.38,0.07,0.38,0.22,0.21,0.08,0.08,0.63,1.85,1.41,1.51,0.87,0.63,0.0,0.0,0.0,0.0,0.0,0.0,0,0,0,0,0,0,0.0,0.0,0.0,0.0,0.0,0.0,0.01,0.02,0.03,0.02,0.01,0.01,0.0,0.02,0.03,0.02,0.01,0.01,0.0,0.0,0.0,0.0,0.0,0.0,0.01,0.02,0.03,0.02,0.02,0.01,0.0,0.01,0.0,0.0,0.0,0.0,,,,,,,NA,NA,NA,NA,NA,NA,NA,NA,NA,NA,NA,NA,FALSE,FALSE,FALSE,FALSE,FALSE,FALSE,Lesion 20 Day 031 AA,Lesion 20 Day 044 AA,Lesion 20 Day 058 AA,Lesion 20 Day 071 FG,Lesion 20 Day 086 AA,Lesion 20 Day 099 AA
PZA,BM19,4,-245.87,-162.54,-111.71,-123.57,-165.05,-220.03,-235.0,-145.0,-83.0,-75.0,-144.0,-176.0,100.21,127.79,110.68,129.71,115.35,137.09,0.78,1.11,1.17,1.14,0.95,0.96,0.8,1.11,1.16,1.15,0.96,0.95,0.07,0.11,0.15,0.15,0.11,0.09,0.92,1.36,1.51,1.42,1.17,1.16,0.0,0.0,0.0,0.0,0.0,0.0,0,0,0,0,0,0,0.0,0.0,0.0,0.0,0.0,0.0,0.0,0.0,0.0,0.01,0.0,0.0,0.0,0.0,0.0,0.01,0.0,0.0,0.0,0.0,0.0,0.0,0.0,0.0,0.0,0.0,0.0,0.0,0.0,0.0,0.0,0.0,0.0,0.0,0.0,0.0,,,,,,,NA,NA,NA,NA,NA,NA,NA,NA,NA,NA,NA,NA,FALSE,FALSE,FALSE,FALSE,FALSE,FALSE,Lesion 04 Day 030 FG,Lesion 04 Day 043 FG,Lesion 04 Day 057 FG,Lesion 04 Day 071 FG,Lesion 04 Day 085 FG,Lesion 04 Day 098 FG
OPC,BM27,7,-517.63,-359.0,-369.26,-526.8,-594.74,-852.96,-572.93,-372.32,-406.84,-550.46,-613.41,-848.99,185.68,206.61,204.19,91.15,49.45,38.56,1.05,1.11,0.81,0.37,0.29,0.23,1.01,1.11,0.82,0.37,0.29,0.19,0.16,0.33,0.17,0.07,0.03,0.06,1.45,2.04,1.14,0.56,0.32,0.29,0.0,0.0,0.0,0.0,0.0,0.0,,,,,,,0.0,0.0,0.0,0.0,0.0,0.0,0.01,0.03,0.01,0.0,0.0,0.0,0.01,0.03,0.01,0.0,0.0,0.0,0.0,0.0,0.0,0.0,0.0,0.0,0.01,0.02,0.01,0.0,0.0,0.0,0.0,0.01,0.0,0.0,0.0,0.0,,,,,,,NA,NA,NA,NA,NA,NA,NA,NA,NA,NA,NA,NA,FALSE,FALSE,FALSE,FALSE,FALSE,FALSE,Lesion 07 Day 036 FG,Lesion 07 Day 050 FG,Lesion 07 Day 064 FG,Lesion 07 Day 079 FG,Lesion 07 Day 092 FG,Lesion 07 Day 104 FG
OPC,BM27,13,-304.13,-254.86,-354.16,-379.55,-449.91,-450.49,-318.15,-205.8,-380.5,-430.48,-479.53,-483.97,217.73,283.88,214.61,186.42,157.93,153.76,1.15,0.94,0.9,0.72,0.64,1.19,1.19,0.86,0.91,0.71,0.65,1.18,0.19,0.27,0.06,0.03,0.03,0.38,1.53,2.21,1.03,0.78,0.66,2.13,0.0,0.0,0.0,0.0,0.0,0.0,,,,,,,0.0,0.0,0.0,0.0,0.0,0.0,0.02,0.05,0.01,0.01,0.0,0.0,0.02,0.04,0.01,0.01,0.0,0.0,0.0,0.0,0.0,0.0,0.0,0.0,0.01,0.02,0.01,0.0,0.0,0.0,0.0,0.03,0.0,0.0,0.0,0.0,,,,,,,NA,NA,NA,NA,NA,NA,NA,NA,NA,NA,NA,NA,FALSE,FALSE,FALSE,FALSE,FALSE,FALSE,Lesion 13 Day 036 FG,Lesion 13 Day 050 FG,Lesion 13 Day 064 FG,Lesion 13 Day 079 FG,Lesion 13 Day 092 FG,Lesion 13 Day 104 FG
MOX+RIF,BM28,13,-450.43,-454.45,-482.61,-586.2,-646.52,-597.96,-457.0,-469.0,-486.0,-598.0,-651.0,-598.0,57.5,84.94,102.41,112.74,72.62,52.55,0.47,0.71,0.58,0.27,0.25,0.37,0.46,0.72,0.57,0.27,0.25,0.36,0.04,0.07,0.05,0.02,0.01,0.02,0.58,0.87,0.74,0.31,0.29,0.4,0.0,0.0,0.0,0.0,0.0,0.0,0,0,0,0,0,0,0.0,0.0,0.0,0.0,0.0,0.0,0.0,0.0,0.0,0.0,0.0,0.0,0.0,0.0,0.0,0.0,0.0,0.0,0.0,0.0,0.0,0.0,0.0,0.0,0.0,0.0,0.0,0.0,0.0,0.0,0.0,0.0,0.0,0.0,0.0,0.0,,,,,,,NA,NA,NA,NA,NA,NA,NA,NA,NA,NA,NA,NA,FALSE,FALSE,FALSE,FALSE,FALSE,FALSE,Lesion 13 Day 032 AA,Lesion 13 Day 045 AA,Lesion 13 Day 059 AA,Lesion 13 Day 075 AA,Lesion 13 Day 087 AA,Lesion 13 Day 101 AA
MOX+RIF,BM28,14,-312.43,-287.51,-295.31,-272.49,-513.27,-596.33,-320.0,-295.0,-299.0,-267.0,-523.0,-603.0,100.15,123.19,127.52,127.33,114.17,81.03,0.54,1.18,0.8,0.27,0.28,0.37,0.53,1.08,0.77,0.26,0.27,0.37,0.07,0.45,0.16,0.03,0.03,0.02,0.74,2.52,1.45,0.39,0.39,0.47,0.0,0.01,0.0,0.0,0.0,0.0,0,0.01,0,0,0,0,0.0,0.0,0.0,0.0,0.0,0.0,0.01,0.07,0.03,0.0,0.01,0.01,0.01,0.06,0.03,0.0,0.0,0.0,0.0,0.003968253968253968,0.0,0.0,0.0,0.0,0.01,0.04,0.03,0.01,0.01,0.0,0.0,0.01,0.01,0.0,0.0,0.0,,,,,,,NA,NA,NA,NA,NA,NA,NA,NA,NA,NA,NA,NA,FALSE,FALSE,FALSE,FALSE,FALSE,FALSE,Lesion 14 Day 032 AA,Lesion 14 Day 045 AA,Lesion 14 Day 059 AA,Lesion 14 Day 075 AA,Lesion 14 Day 087 AA,Lesion 14 Day 101 AA
MOX+RIF,BM34,9,-476.8,-419.35,-371.94,-470.02,-527.28,-692.78,-488.0,-427.0,-372.0,-478.0,-525.0,-691.0,106.12,126.69,118.84,123.07,75.66,61.85,0.39,0.74,0.53,0.61,0.48,0.39,0.39,0.75,0.53,0.57,0.48,0.39,0.02,0.09,0.04,0.1,0.05,0.02,0.43,0.9,0.6,0.91,0.61,0.44,0.0,0.0,0.0,0.0,0.0,0.0,0,0,0,0,0,0,0.0,0.0,0.0,0.0,0.0,0.0,0.0,0.01,0.01,0.0,0.0,0.0,0.0,0.0,0.0,0.0,0.0,0.0,0.06976744186046512,0.0,0.0,0.0,0.0,0.0,0.0,0.01,0.01,0.0,0.0,0.0,0.0,0.0,0.0,0.0,0.0,0.0,,,,,,,NA,NA,NA,NA,NA,NA,NA,NA,NA,NA,NA,NA,FALSE,FALSE,FALSE,FALSE,FALSE,FALSE,Lesion 09 Day 032 FG,Lesion 09 Day 045 FG,Lesion 09 Day 059 FG,Lesion 09 Day 075 FG,Lesion 09 Day 087 FG,Lesion 09 Day 101 FG
MOX+RIF,BM34,20,-535.76,-496.74,-492.18,-509.55,-541.03,-543.04,-537.0,-496.0,-501.0,-513.0,-545.0,-542.0,44.62,71.68,87.97,59.53,49.64,71.51,0.44,0.65,0.64,0.55,0.59,0.74,0.45,0.64,0.62,0.55,0.59,0.73,0.03,0.06,0.06,0.04,0.04,0.04,0.53,0.82,0.85,0.7,0.71,0.9,0.0,0.0,0.0,0.0,0.0,0.0,0,0,0,0,0,0,0.0,0.0,0.0,0.0,0.0,0.0,0.0,0.01,0.01,0.0,0.0,0.0,0.0,0.0,0.0,0.0,0.0,0.0,0.056603773584905655,0.012195121951219513,0.0,0.0,0.0,0.03333333333333333,0.0,0.0,0.01,0.0,0.0,0.0,0.0,0.0,0.0,0.0,0.0,0.0,,,,,,,NA,NA,NA,NA,NA,NA,NA,NA,NA,NA,NA,NA,FALSE,FALSE,FALSE,FALSE,FALSE,FALSE,Lesion 20 Day 032 FG,Lesion 20 Day 045 FG,Lesion 20 Day 059 FG,Lesion 20 Day 075 FG,Lesion 20 Day 087 FG,Lesion 20 Day 101 FG
MOX+RIF,BM34,23,-437.86,-395.17,-448.67,-475.58,-558.51,-606.41,-468.0,-406.0,-456.0,-488.0,-576.0,-610.0,124.54,172.86,155.7,130.73,137.99,86.71,0.52,0.71,0.52,0.42,0.45,0.42,0.53,0.68,0.51,0.42,0.44,0.41,0.07,0.13,0.09,0.03,0.05,0.05,0.64,1.0,0.78,0.51,0.64,0.56,0.0,0.0,0.0,0.0,0.0,0.0,0,0,0,0,0,0,0.0,0.0,0.0,0.0,0.0,0.0,0.0,0.01,0.01,0.0,0.0,0.0,0.0,0.01,0.01,0.0,0.0,0.0,0.0,0.0,0.0,0.0,0.0,0.01754385964912281,0.0,0.01,0.01,0.0,0.0,0.0,0.0,0.0,0.0,0.0,0.0,0.0,,,,,,,NA,NA,NA,NA,NA,NA,NA,NA,NA,NA,NA,NA,FALSE,FALSE,FALSE,FALSE,FALSE,FALSE,Lesion 23 Day 032 FG,Lesion 23 Day 045 FG,Lesion 23 Day 059 FG,Lesion 23 Day 075 FG,Lesion 23 Day 087 FG,Lesion 23 Day 101 FG
INH+PZA,BM40,9,-325.77,-167.05,-241.83,-243.19,-280.02,-301.37,-364.7,-128.7,-242.59,-241.02,-293.33,-310.25,208.81,190.93,208.45,226.83,225.93,224.23,0.95,1.45,1.54,0.84,1.31,0.71,0.93,1.38,1.57,0.83,1.26,0.67,0.21,0.53,0.37,0.23,0.43,0.23,1.52,2.65,2.25,1.35,2.26,1.48,0.0,0.01,0.0,0.0,0.0,0.0,,,,,,,0.0,0.01,0.0,0.0,0.0,0.0,0.03,0.07,0.05,0.03,0.05,0.03,0.02,0.07,0.05,0.03,0.04,0.02,0.0,0.0,0.0,0.0,0.0,0.0,0.02,0.03,0.02,0.02,0.02,0.02,0.01,0.02,0.01,0.01,0.01,0.01,,,,,,,Fibrotic,Fibrotic,Fibrotic,Fibrotic,Fibrotic,Fibrotic,Fibrotic,Fibrotic,Fibrotic,Fibrotic,Fibrotic,Fibrotic,FALSE,FALSE,FALSE,FALSE,FALSE,FALSE,Lesion 09 Day 037 FG,Lesion 09 Day 052 FG,Lesion 09 Day 065 FG,Lesion 09 Day 079 FG,Lesion 09 Day 093 FG,Lesion 09 Day 107 FG
INH+PZA,BM40,18,-262.12,-174.86,-231.54,-234.39,-305.68,-316.93,-252.46,-132.79,-201.97,-224.79,-313.8,-344.97,237.3,220.3,268.81,238.83,255.14,215.02,1.6,2.66,1.8,1.12,1.34,0.83,1.57,2.61,1.7,1.11,1.25,0.84,0.44,0.64,0.53,0.34,0.46,0.19,2.52,4.19,3.06,1.82,2.44,1.14,0.01,0.07,0.02,0.0,0.0,0.0,,,,,,,0.01,0.07,0.02,0.0,0.0,0.0,0.08,0.23,0.12,0.06,0.05,0.02,0.07,0.21,0.1,0.05,0.04,0.01,0.0,0.0,0.0,0.0,0.0,0.0,0.02,0.04,0.03,0.03,0.02,0.01,0.02,0.04,0.02,0.02,0.01,0.01,,,,,,,NA,NA,NA,NA,NA,NA,NA,NA,NA,NA,NA,NA,FALSE,FALSE,FALSE,FALSE,FALSE,FALSE,Lesion 18 Day 037 FG,Lesion 18 Day 052 FG,Lesion 18 Day 065 FG,Lesion 18 Day 079 FG,Lesion 18 Day 093 FG,Lesion 18 Day 107 FG
INH+PZA,BM40,21,20.82,31.88,53.72,61.12,61.75,11.9,61.78,32.99,62.05,57.24,75.09,51.3,155.43,43.19,121.12,93.66,104.53,164.24,1.82,3.21,3.1,1.6,2.54,1.75,1.81,3.26,3.05,1.55,2.49,1.78,0.25,0.28,0.49,0.35,0.51,0.22,2.26,3.64,4.14,2.24,3.6,2.16,0.01,0.03,0.05,0.0,0.02,0.0,,,,,,,0.01,0.03,0.05,0.0,0.02,0.0,0.05,0.1,0.14,0.05,0.06,0.05,0.05,0.1,0.14,0.05,0.05,0.05,0.0,0.0,0.0,0.0,0.0,0.0,0.0,0.0,0.0,0.0,0.0,0.0,0.02,0.03,0.04,0.03,0.02,0.03,,,,,,,NA,NA,NA,NA,NA,NA,NA,NA,NA,NA,NA,NA,FALSE,FALSE,FALSE,FALSE,FALSE,FALSE,Lesion 21 Day 037 FG,Lesion 21 Day 052 FG,Lesion 21 Day 065 FG,Lesion 21 Day 079 FG,Lesion 21 Day 093 FG,Lesion 21 Day 107 FG
PZA+RIF,BN05,15,-516.64,-270.41,-259.26,-546.72,-554.65,-553.26,-541.0,-256.0,-271.0,-554.0,-590.0,-565.0,89.53,146.9,180.2,90.15,95.6,106.23,0.48,0.62,0.45,0.36,0.32,0.35,0.47,0.59,0.45,0.35,0.31,0.35,0.05,0.1,0.06,0.04,0.02,0.04,0.62,0.87,0.59,0.49,0.4,0.43,0.0,0.0,0.0,0.0,0.0,0.0,0,0,0,0,0,0,0.0,0.0,0.0,0.0,0.0,0.0,0.0,0.01,0.0,0.0,0.0,0.0,0.0,0.01,0.0,0.0,0.0,0.0,0.0,0.0,0.0,0.0,0.0,0.0,0.01,0.01,0.01,0.0,0.0,0.0,0.0,0.0,0.0,0.0,0.0,0.0,,,,,,,NA,NA,NA,NA,NA,NA,NA,NA,NA,NA,NA,NA,FALSE,FALSE,FALSE,FALSE,FALSE,FALSE,Lesion 15 Day 033 AA,Lesion 15 Day 046 AA,Lesion 15 Day 060 AA,Lesion 15 Day 074 AA,Lesion 15 Day 088 AA,Lesion 15 Day 102 AA
EMB+MOX+PZA+RIF,BN13,7,-535.66,-380.64,-503.6,-453.11,-587.54,-656.1,-553.29,-421.5,-548.03,-476.48,-605.2,-678.47,95.25,178.0,166.31,134.27,95.52,100.2,0.34,1.03,0.41,0.41,0.19,0.23,0.35,1.04,0.44,0.4,0.19,0.22,0.03,0.17,0.04,0.07,0.02,0.02,0.42,1.35,0.47,0.62,0.25,0.31,0.0,0.0,0.0,0.0,0.0,0.0,,,,,,,0.0,0.0,0.0,0.0,0.0,0.0,0.0,0.01,0.0,0.0,0.0,0.0,0.0,0.01,0.0,0.0,0.0,0.0,0.0,0.0,0.0,0.0,0.0,0.0,0.0,0.01,0.0,0.0,0.0,0.0,0.0,0.0,0.0,0.0,0.0,0.0,,,,,,,NA,NA,NA,NA,NA,NA,NA,NA,NA,NA,NA,NA,FALSE,FALSE,FALSE,FALSE,FALSE,FALSE,Lesion 07 Day 031 FG,Lesion 07 Day 046 FG,Lesion 07 Day 060 FG,Lesion 07 Day 073 FG,Lesion 07 Day 088 FG,Lesion 07 Day 101 FG
PZA+RIF,BN14,5,-414.7,-344.79,-357.48,-426.91,-447.19,-594.59,-422.0,-356.0,-375.0,-441.0,-459.0,-585.0,66.48,128.15,104.37,67.58,57.67,66.22,0.49,0.55,0.43,0.42,0.38,0.29,0.48,0.54,0.42,0.42,0.38,0.29,0.03,0.06,0.02,0.03,0.02,0.02,0.56,0.74,0.49,0.49,0.4,0.33,0.0,0.0,0.0,0.0,0.0,0.0,0,0,0,0,0,0,0.0,0.0,0.0,0.0,0.0,0.0,0.0,0.01,0.0,0.0,0.0,0.0,0.0,0.01,0.0,0.0,0.0,0.0,0.0,0.0,0.0,0.0,0.0,0.0,0.0,0.01,0.01,0.0,0.0,0.0,0.0,0.0,0.0,0.0,0.0,0.0,,,,,,,NA,NA,NA,NA,NA,NA,NA,NA,NA,NA,NA,NA,FALSE,FALSE,FALSE,FALSE,FALSE,FALSE,Lesion 05 Day 033 AA,Lesion 05 Day 046 AA,Lesion 05 Day 060 AA,Lesion 05 Day 074 AA,Lesion 05 Day 088 AA,Lesion 05 Day 102 AA
PZA+RIF,BN14,9,-392.91,-381.92,-465.86,-648.16,-637.62,-656.9,-405.0,-390.0,-461.0,-659.0,-644.0,-664.0,82.85,79.43,66.52,64.35,45.29,51.22,0.48,0.5,0.33,0.32,0.35,0.25,0.48,0.5,0.33,0.32,0.35,0.25,0.03,0.03,0.01,0.01,0.01,0.0,0.54,0.57,0.35,0.34,0.38,0.26,0.0,0.0,0.0,0.0,0.0,0.0,0,0,0,0,0,0,0.0,0.0,0.0,0.0,0.0,0.0,0.0,0.0,0.0,0.0,0.0,0.0,0.0,0.0,0.0,0.0,0.0,0.0,0.0,0.0,0.0,0.0,0.0,0.0,0.0,0.0,0.0,0.0,0.0,0.0,0.0,0.0,0.0,0.0,0.0,0.0,,,,,,,NA,NA,NA,NA,NA,NA,NA,NA,NA,NA,NA,NA,FALSE,FALSE,FALSE,FALSE,FALSE,FALSE,Lesion 09 Day 033 AA,Lesion 09 Day 046 AA,Lesion 09 Day 060 AA,Lesion 09 Day 074 AA,Lesion 09 Day 088 AA,Lesion 09 Day 102 AA
PZA+RIF,BN14,10,-378.71,-364.02,-488.75,-675.28,-652.16,-628.15,-389.0,-375.0,-506.0,-680.0,-637.0,-631.0,83.51,107.11,138.63,47.67,50.65,68.9,0.52,0.48,0.43,0.34,0.39,0.24,0.52,0.48,0.43,0.34,0.39,0.24,0.02,0.02,0.03,0.01,0.03,0.01,0.57,0.53,0.5,0.36,0.47,0.27,0.0,0.0,0.0,0.0,0.0,0.0,0,0,0,0,0,0,0.0,0.0,0.0,0.0,0.0,0.0,0.0,0.0,0.0,0.0,0.0,0.0,0.0,0.0,0.0,0.0,0.0,0.0,0.0,0.0,0.0,0.0,0.0,0.0,0.0,0.0,0.0,0.0,0.0,0.0,0.0,0.0,0.0,0.0,0.0,0.0,,,,,,,NA,NA,NA,NA,NA,NA,NA,NA,NA,NA,NA,NA,FALSE,FALSE,FALSE,FALSE,FALSE,FALSE,Lesion 10 Day 033 AA,Lesion 10 Day 046 AA,Lesion 10 Day 060 AA,Lesion 10 Day 074 AA,Lesion 10 Day 088 AA,Lesion 10 Day 102AA
EMB+INH+PZA+RIF,BN18,7,-264.57,-302.41,-337.68,-393.94,-514.87,-537.91,-290.2,-291.89,-342.5,-411.42,-515.54,-534.85,258.37,196.02,209.45,169.5,130.32,112.1,0.44,0.75,0.83,0.45,0.26,0.29,0.43,0.75,0.81,0.45,0.25,0.28,0.06,0.21,0.19,0.03,0.03,0.02,0.61,1.16,1.21,0.5,0.33,0.33,0.0,0.0,0.0,0.0,0.0,0.0,,,,,,,0.0,0.0,0.0,0.0,0.0,0.0,0.02,0.02,0.01,0.0,0.0,0.0,0.02,0.02,0.01,0.0,0.0,0.0,0.0,0.0,0.0,0.0,0.0,0.0,0.03,0.01,0.01,0.0,0.0,0.0,0.02,0.01,0.0,0.0,0.0,0.0,,,,,,,NA,NA,NA,NA,NA,NA,NA,NA,NA,NA,NA,NA,FALSE,FALSE,FALSE,FALSE,FALSE,FALSE,Lesion 07 Day 032 FG,Lesion 07 Day 045 FG,Lesion 07 Day 060 FG,Lesion 07 Day 074 FG,Lesion 07 Day 089 FG,Lesion 07 Day 102 FG
LZD+PMD,BN20,1,-185.47,-60.48,-118.58,-137.55,-118.78,-129.68,-145.0,-6.0,-43.0,-68.0,-60.0,-74.0,200.86,154.5,182.69,184.82,170.73,176.37,1.32,3.42,2.46,2.48,2.24,2.16,1.25,3.29,2.32,2.21,1.95,1.87,0.46,1.43,1.06,1.15,1.15,1.08,2.84,9.59,5.74,7.0,6.75,7.31,0.69,2.95,2.5,2.2,1.55,1.69,0.69,2.95,2.5,2.2,1.55,1.69,0.2,2.62,1.96,1.62,1.12,1.1,2.74,10.97,7.77,6.84,5.19,5.32,2.58,10.71,7.59,6.62,5.03,5.18,0.24295774647887322,0.30761209593326383,0.4355400696864111,0.31428571428571433,0.22962962962962963,0.23119015047879618,0.89,0.49,0.91,0.85,0.7,0.8,1.05,2.58,2.16,1.77,1.5,1.58,,,,,,6.63610940380686,Necrotic,Necrotic,Necrotic,Necrotic,Necrotic,Necrotic,Necrotic,Necrotic,Necrotic,Necrotic,Necrotic,Necrotic,TRUE,TRUE,TRUE,TRUE,TRUE,TRUE,Lesion 01z02z03z04z05z06z07z10z11z12z13z14z16z17 Day 032 AA,Lesion 01z02z03z04z05z06z07z10z11z12z13z14z16z17 Day 032 AA,Lesion 01z02z03z04z05z06z07z10z11z12z13z14z16z17 Day 032 AA,Lesion 01z02z03z04z05z06z07z10z11z12z13z14z16z17 Day 032 AA,Lesion 01z02z03z04z05z06z07z10z11z12z13z14z16z17 Day 032 AA,Lesion 01z02z03z04z05z06z07z10z11z12z13z14z16z17 Day 032 AA
LZD+PMD,BN20,8,-140.29,-50.88,-24.36,-129.15,-95.23,-157.19,-102.0,4.0,10.0,-76.0,-40.0,-139.0,164.83,151.8,121.73,175.0,153.99,156.77,1.37,2.26,1.48,1.2,1.17,1.38,1.37,2.27,1.48,1.18,1.12,1.37,0.11,0.23,0.2,0.16,0.18,0.15,1.69,3.3,1.95,1.64,1.71,1.75,0.0,0.03,0.03,0.0,0.0,0.0,0,0.03,0.03,0,0,0,0.0,0.03,0.0,0.0,0.0,0.0,0.05,0.08,0.09,0.03,0.03,0.02,0.05,0.08,0.09,0.03,0.03,0.02,0.0,0.00909090909090909,0.015384615384615384,0.0,0.0,0.0,0.01,0.01,0.01,0.01,0.01,0.01,0.02,0.03,0.05,0.01,0.01,0.01,,,,,,3.3098430047160705,Fibrotic,Fibrotic,Fibrotic,Fibrotic,Fibrotic,Fibrotic,Fibrotic,Fibrotic,Fibrotic,Fibrotic,Fibrotic,Fibrotic,FALSE,FALSE,FALSE,FALSE,FALSE,FALSE,Lesion 08 Day 032 AA,Lesion 08 Day 032 AA,Lesion 08 Day 032 AA,Lesion 08 Day 032 AA,Lesion 08 Day 032 AA,Lesion 08 Day 032 AA
LZD+PMD,BN20,9,-112.0,20.6,-8.52,-36.29,-143.44,-53.31,-47.0,24.0,7.0,-9.0,-96.0,-17.0,163.43,46.37,77.85,102.91,157.05,130.9,1.46,2.9,2.07,1.68,1.52,1.87,1.36,2.77,1.94,1.5,1.43,1.73,0.44,0.9,0.65,0.63,0.46,0.51,2.78,5.67,4.08,4.14,4.12,3.85,0.14,0.36,0.27,0.22,0.17,0.28,0.14,0.36,0.27,0.22,0.17,0.28,0.05,0.31,0.16,0.11,0.04,0.11,0.56,1.08,0.7,0.72,0.58,0.71,0.55,1.08,0.7,0.72,0.56,0.7,0.05035971223021583,0.06349206349206349,0.0661764705882353,0.053140096618357495,0.0412621359223301,0.07272727272727274,0.13,0.0,0.02,0.04,0.13,0.07,0.25,0.37,0.31,0.38,0.23,0.32,,,,,,3.5425764762605296,Fibrotic,Fibrotic,Fibrotic,Fibrotic,Fibrotic,Fibrotic,Fibrotic,Fibrotic,Fibrotic,Fibrotic,Fibrotic,Fibrotic,TRUE,TRUE,TRUE,TRUE,TRUE,TRUE,Lesion 09z15 Day 032 AA,Lesion 09z15 Day 032 AA,Lesion 09z15 Day 032 AA,Lesion 09z15 Day 032 AA,Lesion 09z15 Day 032 AA,Lesion 09z15 Day 032 AA
LZD+PMD,BN20,18,-192.27,-158.59,-146.53,-167.64,-178.59,-228.8,-135.0,-83.0,-81.0,-103.0,-117.0,-188.0,192.98,189.49,166.11,188.91,179.67,185.13,1.22,2.1,1.47,1.35,1.34,1.32,1.23,2.02,1.41,1.25,1.19,1.29,0.24,0.72,0.48,0.41,0.54,0.37,1.68,3.85,2.55,2.3,3.02,2.27,0.01,0.07,0.03,0.02,0.01,0.01,0.01,0.07,0.03,0.02,0.01,0.01,0.0,0.05,0.01,0.0,0.01,0.0,0.09,0.2,0.1,0.07,0.06,0.04,0.08,0.19,0.09,0.06,0.05,0.04,0.005952380952380953,0.018181818181818184,0.011764705882352941,0.008695652173913044,0.0033112582781456954,0.004405286343612335,0.03,0.03,0.02,0.02,0.02,0.02,0.04,0.06,0.04,0.03,0.02,0.01,,,,,,5.026945709654904,Fibrotic,Fibrotic,Fibrotic,Fibrotic,Fibrotic,Fibrotic,Fibrotic,Fibrotic,Fibrotic,Fibrotic,Fibrotic,Fibrotic,FALSE,FALSE,FALSE,FALSE,FALSE,FALSE,Lesion 18 Day 032 AA,Lesion 18 Day 032 AA,Lesion 18 Day 032 AA,Lesion 18 Day 032 AA,Lesion 18 Day 032 AA,Lesion 18 Day 032 AA
LZD+PMD,BN20,19,-139.92,-31.21,-104.95,-100.26,-101.9,-119.44,-59.0,9.0,-30.0,-19.0,-24.0,-51.0,197.51,131.2,172.56,180.64,174.05,173.47,1.46,3.74,2.38,2.34,2.03,1.97,1.29,3.6,2.18,2.06,1.76,1.72,0.67,1.56,1.04,1.06,1.07,1.02,3.42,8.23,5.19,5.63,6.99,6.24,0.29,1.24,0.83,0.91,0.49,0.45,0.29,1.24,0.83,0.91,0.49,0.45,0.17,1.14,0.61,0.65,0.32,0.27,1.04,4.92,2.55,2.83,1.54,1.44,1.01,4.85,2.51,2.74,1.5,1.41,0.0847953216374269,0.15066828675577157,0.15992292870905586,0.1616341030195382,0.07010014306151645,0.07211538461538461,0.25,0.13,0.29,0.24,0.21,0.23,0.41,1.17,0.76,0.88,0.49,0.47,,,,,,6.054501211242478,Necrotic,Necrotic,Necrotic,Necrotic,Necrotic,Necrotic,Necrotic,Necrotic,Necrotic,Necrotic,Necrotic,Necrotic,TRUE,TRUE,TRUE,TRUE,TRUE,TRUE,Lesion 19z21z23z24z25z26 Day 032 AA,Lesion 19z21z23z24z25z26 Day 032 AA,Lesion 19z21z23z24z25z26 Day 032 AA,Lesion 19z21z23z24z25z26 Day 032 AA,Lesion 19z21z23z24z25z26 Day 032 AA,Lesion 19z21z23z24z25z26 Day 032 AA
LZD+PMD,BN20,20,-151.97,-150.47,-179.35,-174.81,-199.77,-172.98,-84.0,-80.0,-120.0,-112.0,-139.0,-112.0,172.26,174.98,184.53,179.59,183.08,167.05,0.93,1.26,0.94,0.97,0.77,0.81,0.88,1.05,0.82,0.83,0.7,0.78,0.23,0.56,0.38,0.4,0.27,0.2,1.69,3.27,2.29,2.35,1.89,1.4,0.0,0.01,0.01,0.01,0.0,0.0,0,0.01,0.01,0.01,0,0,0.0,0.01,0.0,0.0,0.0,0.0,0.05,0.07,0.05,0.07,0.04,0.04,0.05,0.07,0.04,0.05,0.04,0.04,0.0,0.003236245954692557,0.004366812227074236,0.00425531914893617,0.0,0.0,0.02,0.02,0.02,0.03,0.02,0.02,0.03,0.04,0.03,0.03,0.03,0.03,,,,,,2.9556877503135057,Fibrotic,Fibrotic,Fibrotic,Fibrotic,Fibrotic,Fibrotic,Fibrotic,Fibrotic,Fibrotic,Fibrotic,Fibrotic,Fibrotic,FALSE,FALSE,FALSE,FALSE,FALSE,FALSE,Lesion 20 Day 032 AA,Lesion 20 Day 032 AA,Lesion 20 Day 032 AA,Lesion 20 Day 032 AA,Lesion 20 Day 032 AA,Lesion 20 Day 032 AA
LZD+PMD,BN20,22,-312.7,-200.22,-146.32,-183.55,-205.69,-202.86,-326.0,-182.0,-111.0,-161.0,-200.0,-202.0,227.89,194.55,185.66,166.93,166.73,171.59,0.72,1.06,0.78,0.79,0.74,0.85,0.7,0.94,0.71,0.75,0.64,0.79,0.17,0.36,0.27,0.22,0.25,0.25,1.24,2.0,1.4,1.44,1.6,1.46,0.0,0.01,0.0,0.0,0.0,0.0,0,0.01,0,0,0,0,0.0,0.0,0.0,0.0,0.0,0.0,0.03,0.05,0.02,0.01,0.01,0.01,0.02,0.05,0.02,0.01,0.01,0.01,0.0,0.005,0.0,0.0,0.0,0.0,0.02,0.02,0.01,0.01,0.01,0.01,0.01,0.02,0.01,0.01,0.01,0.01,,,,,,,NA,NA,NA,NA,NA,NA,NA,NA,NA,NA,NA,NA,FALSE,FALSE,FALSE,FALSE,FALSE,FALSE,Lesion 22 Day 032 AA,Lesion 22 Day 032 AA,Lesion 22 Day 032 AA,Lesion 22 Day 032 AA,Lesion 22 Day 032 AA,Lesion 22 Day 032 AA
LZD+PMD,BN20,27,-284.73,-175.25,-228.12,-230.59,-262.88,-298.85,-298.0,-130.0,-190.0,-211.0,-243.0,-287.0,160.44,186.92,185.5,157.07,156.52,127.89,0.74,1.29,0.95,0.87,0.96,0.97,0.67,1.22,0.79,0.77,0.74,0.83,0.25,0.4,0.41,0.32,0.56,0.44,1.28,2.39,1.98,1.88,2.72,2.29,0.0,0.02,0.01,0.0,0.01,0.0,0,0.02,0.01,0,0.01,0,0.0,0.01,0.0,0.0,0.0,0.0,0.05,0.11,0.07,0.04,0.03,0.03,0.05,0.11,0.06,0.04,0.03,0.03,0.0,0.008403361344537816,0.005050505050505051,0.0,0.003676470588235294,0.0,0.04,0.04,0.03,0.03,0.02,0.02,0.02,0.04,0.03,0.02,0.01,0.0,,,,,,5.218012671877629,Necrotic,Necrotic,Necrotic,Necrotic,Necrotic,Necrotic,Necrotic,Necrotic,Necrotic,Necrotic,Necrotic,Necrotic,FALSE,FALSE,FALSE,FALSE,FALSE,FALSE,Lesion 27 Day 032 AA,Lesion 27 Day 032 AA,Lesion 27 Day 032 AA,Lesion 27 Day 032 AA,Lesion 27 Day 032 AA,Lesion 27 Day 032 AA
LZD+PMD,BN20,28,-321.1,-235.4,-249.83,-271.6,-314.98,-317.84,-321.0,-223.0,-235.0,-269.0,-306.0,-316.0,141.9,164.88,157.69,141.89,151.3,139.64,0.56,0.89,0.86,0.78,0.66,0.56,0.52,0.72,0.78,0.69,0.58,0.52,0.13,0.42,0.35,0.3,0.26,0.14,0.93,2.26,1.6,1.45,1.34,0.94,0.0,0.01,0.0,0.0,0.0,0.0,0,0.01,0,0,0,0,0.0,0.0,0.0,0.0,0.0,0.0,0.03,0.06,0.06,0.04,0.02,0.02,0.03,0.06,0.05,0.03,0.02,0.01,0.0,0.004424778761061948,0.0,0.0,0.0,0.0,0.04,0.04,0.04,0.03,0.02,0.02,0.01,0.03,0.02,0.01,0.0,0.0,,,,,,5.020365426659253,Fibrotic,Fibrotic,Fibrotic,Fibrotic,Fibrotic,Fibrotic,Fibrotic,Fibrotic,Fibrotic,Fibrotic,Fibrotic,Fibrotic,FALSE,FALSE,FALSE,FALSE,FALSE,FALSE,Lesion 28 Day 032 AA,Lesion 28 Day 032 AA,Lesion 28 Day 032 AA,Lesion 28 Day 032 AA,Lesion 28 Day 032 AA,Lesion 28 Day 032 AA
LZD+PMD,BN20,29,-149.44,-69.1,-80.92,-70.47,-105.89,-83.64,-97.0,-33.0,-38.0,-34.0,-55.0,-46.0,158.39,126.98,139.72,133.19,146.56,148.57,1.31,3.4,2.62,2.78,2.49,2.51,1.25,2.99,2.67,2.89,2.31,2.36,0.59,1.96,1.14,1.22,1.34,1.28,2.77,9.41,5.14,5.93,6.03,6.19,0.15,0.63,0.7,0.68,0.59,0.57,0.15,0.63,0.7,0.68,0.59,0.57,0.06,0.53,0.59,0.58,0.49,0.47,0.53,2.65,2.38,2.4,2.13,1.96,0.52,2.64,2.36,2.4,2.11,1.94,0.05415162454873646,0.06945975744211687,0.13618677042801555,0.11467116357504217,0.09784411276948589,0.09208400646203553,0.14,0.12,0.15,0.14,0.17,0.15,0.24,0.67,0.74,0.72,0.67,0.61,,,,,,5.845098660434502,Necrotic,Necrotic,Necrotic,Necrotic,Necrotic,Necrotic,Necrotic,Necrotic,Necrotic,Necrotic,Necrotic,Necrotic,TRUE,TRUE,TRUE,TRUE,TRUE,TRUE,Lesion 29z30 Day 032 AA,Lesion 29z30 Day 032 AA,Lesion 29z30 Day 032 AA,Lesion 29z30 Day 032 AA,Lesion 29z30 Day 032 AA,Lesion 29z30 Day 032 AA
LZD+PMD,BN20,31,-335.96,-264.98,-278.84,-308.04,-361.92,-379.94,-346.0,-263.0,-272.0,-308.0,-367.0,-384.0,130.64,161.54,160.64,140.52,122.82,110.86,0.5,0.72,0.62,0.62,0.45,0.53,0.5,0.64,0.61,0.62,0.45,0.5,0.05,0.21,0.16,0.14,0.07,0.1,0.65,1.39,0.97,1.08,0.63,0.88,0.0,0.0,0.0,0.0,0.0,0.0,0,0,0,0,0,0,0.0,0.0,0.0,0.0,0.0,0.0,0.01,0.03,0.01,0.01,0.01,0.01,0.01,0.02,0.01,0.01,0.01,0.01,0.0,0.0,0.0,0.0,0.0,0.0,0.02,0.02,0.02,0.02,0.01,0.01,0.0,0.01,0.01,0.0,0.0,0.0,,,,,,3.1151110355043476,Fibrotic,Fibrotic,Fibrotic,Fibrotic,Fibrotic,Fibrotic,Fibrotic,Fibrotic,Fibrotic,Fibrotic,Fibrotic,Fibrotic,FALSE,FALSE,FALSE,FALSE,FALSE,FALSE,Lesion 31 Day 032 AA,Lesion 31 Day 032 AA,Lesion 31 Day 032 AA,Lesion 31 Day 032 AA,Lesion 31 Day 032 AA,Lesion 31 Day 032 AA
LZD+PMD,BN20,32,-271.29,-130.32,-183.83,-253.06,-278.99,-277.12,-268.0,-69.0,-142.0,-241.0,-255.0,-261.0,157.69,163.58,191.46,183.11,148.54,151.1,0.78,1.19,0.95,0.91,0.67,0.81,0.75,1.09,0.81,0.83,0.63,0.76,0.18,0.41,0.35,0.23,0.14,0.16,1.24,2.74,1.92,1.55,1.1,1.25,0.0,0.0,0.0,0.0,0.0,0.0,0,0,0,0,0,0,0.0,0.0,0.0,0.0,0.0,0.0,0.02,0.03,0.03,0.02,0.01,0.01,0.02,0.03,0.02,0.02,0.01,0.01,0.0,0.0,0.0,0.0,0.0,0.0,0.02,0.01,0.01,0.01,0.01,0.01,0.01,0.02,0.01,0.01,0.0,0.0,,,,,,3.3012470886362113,Fibrotic,Fibrotic,Fibrotic,Fibrotic,Fibrotic,Fibrotic,Fibrotic,Fibrotic,Fibrotic,Fibrotic,Fibrotic,Fibrotic,FALSE,FALSE,FALSE,FALSE,FALSE,FALSE,Lesion 32 Day 032 AA,Lesion 32 Day 032 AA,Lesion 32 Day 032 AA,Lesion 32 Day 032 AA,Lesion 32 Day 032 AA,Lesion 32 Day 032 AA
LZD+PMD,BN20,33,-258.38,-217.61,-206.74,-370.47,-293.64,-456.11,-241.0,-150.0,-168.0,-393.0,-291.0,-484.0,156.89,178.63,146.44,205.01,144.78,155.26,0.8,0.88,0.66,0.59,0.49,0.54,0.8,0.85,0.66,0.59,0.47,0.54,0.11,0.16,0.08,0.08,0.06,0.03,1.1,1.34,0.87,0.82,0.62,0.61,0.0,0.0,0.0,0.0,0.0,0.0,0,0,0,0,0,0,0.0,0.0,0.0,0.0,0.0,0.0,0.02,0.02,0.01,0.01,0.0,0.01,0.02,0.02,0.01,0.01,0.0,0.0,0.0,0.0,0.0,0.0,0.0,0.0,0.01,0.01,0.01,0.01,0.01,0.0,0.01,0.01,0.01,0.0,0.0,0.0,,,,,,,NA,NA,NA,NA,NA,NA,NA,NA,NA,NA,NA,NA,FALSE,FALSE,FALSE,FALSE,FALSE,FALSE,Lesion 33 Day 032 AA,Lesion 33 Day 032 AA,Lesion 33 Day 032 AA,Lesion 33 Day 032 AA,Lesion 33 Day 032 AA,Lesion 33 Day 032 AA
BDQ,BN22,9,-485.92,-336.05,-260.52,-437.22,-563.17,-583.05,-494.0,-343.0,-232.0,-468.0,-562.0,-595.0,65.24,135.93,136.66,145.33,92.9,111.59,0.27,0.93,0.58,0.54,0.5,0.52,0.27,0.92,0.57,0.53,0.5,0.51,0.01,0.15,0.06,0.05,0.02,0.03,0.29,1.32,0.7,0.64,0.59,0.59,0.0,0.0,0.0,0.0,0.0,0.0,0,0,0,0,0,0,0.12,0.0,0.0,0.0,0.18,0.11,0.0,0.0,0.0,0.0,0.0,0.0,0.0,0.0,0.0,0.0,0.0,0.0,0.0,0.0,0.0,0.0,0.0,0.0,0.0,0.0,0.0,0.0,0.0,0.0,0.0,0.0,0.0,0.0,0.0,0.0,,,,,,,NA,NA,NA,NA,NA,NA,NA,NA,NA,NA,NA,NA,FALSE,FALSE,FALSE,FALSE,FALSE,FALSE,Lesion 09 Day 031 FG,Lesion 09 Day 045 FG,Lesion 09 Day 060 FG,Lesion 09 Day 075 FG,Lesion 09 Day 088 FG,Lesion 09 Day 101 FG
EMB+MOX+PZA+RIF,BN27,3,-519.38,-365.64,-304.43,-329.14,-331.54,-425.99,-546.54,-339.87,-313.19,-348.96,-337.29,-423.15,161.36,230.38,211.44,207.56,199.11,189.71,1.44,2.12,1.57,0.93,1.28,0.6,1.32,2.09,1.62,0.91,1.04,0.62,0.69,0.37,0.38,0.16,0.66,0.07,3.29,2.84,2.36,1.24,3.93,0.8,0.01,0.02,0.0,0.0,0.0,0.0,,,,,,,0.01,0.02,0.0,0.0,0.0,0.0,0.05,0.08,0.05,0.02,0.02,0.01,0.02,0.06,0.04,0.02,0.01,0.01,0.0,0.0,0.0,0.0,0.0,0.0,0.01,0.02,0.02,0.01,0.01,0.01,0.0,0.01,0.01,0.0,0.0,0.0,,,,,,,NA,NA,NA,NA,NA,NA,NA,NA,NA,NA,NA,NA,FALSE,FALSE,FALSE,FALSE,FALSE,FALSE,Lesion 03 Day 031 FG,Lesion 03 Day 046 FG,Lesion 03 Day 059 FG,Lesion 03 Day 073 FG,Lesion 03 Day 088 FG,Lesion 03 Day 101 FG
EMB+INH+PZA+RIF,BN36,12,-428.47,-303.35,-336.69,-330.85,-420.39,-425.11,-465.43,-327.84,-355.48,-349.59,-440.36,-463.76,156.16,231.02,222.34,221.36,226.32,197.0,0.71,1.29,0.58,0.48,0.43,0.42,0.72,1.27,0.53,0.48,0.44,0.42,0.04,0.35,0.14,0.05,0.05,0.06,0.78,1.97,1.01,0.61,0.49,0.55,0.0,0.0,0.0,0.0,0.0,0.0,,,,,,,0.0,0.0,0.0,0.0,0.0,0.0,0.0,0.05,0.02,0.01,0.01,0.01,0.0,0.05,0.01,0.01,0.0,0.01,0.0,0.0,0.0,0.0,0.0,0.0,0.0,0.02,0.02,0.01,0.01,0.01,0.0,0.01,0.01,0.0,0.0,0.0,,,,,,,NA,NA,NA,NA,NA,NA,NA,NA,NA,NA,NA,NA,FALSE,FALSE,FALSE,FALSE,FALSE,FALSE,Lesion 12 Day 032 FG,Lesion 12 Day 045 FG,Lesion 12 Day 059 FG,Lesion 12 Day 074 FG,Lesion 12 Day 089 FG,Lesion 12 Day 102 FG
EMB+INH+PZA+RIF,BO09,10,-484.15,-348.32,-487.56,-652.56,-576.52,-689.13,-505.0,-361.0,-488.0,-658.0,-580.0,-692.0,121.69,103.55,74.22,53.25,66.77,63.72,0.44,0.57,0.39,0.39,0.28,0.3,0.44,0.56,0.39,0.39,0.29,0.3,0.01,0.03,0.01,0.01,0.01,0.0,0.47,0.63,0.41,0.4,0.31,0.31,0.0,0.0,0.0,0.0,0.0,0.0,0,0,0,0,0,0,0.0,0.0,0.0,0.0,0.0,0.0,0.0,0.0,0.0,0.0,0.0,0.0,0.0,0.0,0.0,0.0,0.0,0.0,0.0,0.0,0.0,0.0,0.0,0.0,0.0,0.0,0.0,0.0,0.0,0.0,0.0,0.0,0.0,0.0,0.0,0.0,,,,,,,NA,NA,NA,NA,NA,NA,NA,NA,NA,NA,NA,NA,FALSE,FALSE,FALSE,FALSE,FALSE,FALSE,Lesion 10 Day 032 AA,Lesion 10 Day 047 AA,Lesion 10 Day 059 AA,Lesion 10 Day 074 AA,Lesion 10 Day 086 AA,Lesion 10 Day 101 AA
EMB+INH+PZA+RIF,BO09,12,-332.1,-271.45,-379.6,-484.62,-380.17,-515.21,-341.0,-272.0,-373.0,-495.0,-404.0,-511.0,138.44,123.31,119.76,117.43,97.87,75.88,0.67,0.81,0.6,0.47,0.37,0.59,0.67,0.81,0.59,0.47,0.37,0.58,0.08,0.08,0.08,0.04,0.02,0.07,0.87,0.99,0.88,0.58,0.43,0.77,0.0,0.0,0.0,0.0,0.0,0.0,0,0,0,0,0,0,0.0,0.0,0.0,0.0,0.0,0.0,0.0,0.01,0.0,0.0,0.0,0.0,0.0,0.01,0.0,0.0,0.0,0.0,0.0,0.0,0.0,0.0,0.0,0.0,0.01,0.01,0.0,0.0,0.0,0.0,0.0,0.0,0.0,0.0,0.0,0.0,,,,,,,NA,NA,NA,NA,NA,NA,NA,NA,NA,NA,NA,NA,FALSE,FALSE,FALSE,FALSE,FALSE,FALSE,Lesion 12 Day 032 AA,Lesion 12 Day 047 AA,Lesion 12 Day 059 AA,Lesion 12 Day 074 AA,Lesion 12 Day 086 AA,Lesion 12 Day 101 AA
BDQ,BO11,23,-445.85,-292.09,-403.16,-372.17,-500.35,-548.81,-452.0,-294.0,-404.0,-385.0,-497.0,-543.0,70.15,135.73,79.54,111.93,79.09,73.39,0.78,1.82,0.94,0.44,0.31,0.37,0.78,1.77,0.91,0.44,0.31,0.36,0.03,0.47,0.21,0.05,0.02,0.03,0.87,3.06,1.5,0.53,0.4,0.44,0.0,0.01,0.0,0.0,0.0,0.0,0,0.01,0,0,0,0,0.0,0.01,0.0,0.0,0.0,0.0,0.0,0.04,0.03,0.0,0.0,0.0,0.0,0.03,0.03,0.0,0.0,0.0,0.0,0.003389830508474576,0.0,0.0,0.0,0.0,0.0,0.02,0.03,0.01,0.0,0.0,0.0,0.0,0.0,0.0,0.0,0.0,,,,,,,NA,NA,NA,NA,NA,NA,NA,NA,NA,NA,NA,NA,FALSE,FALSE,FALSE,FALSE,FALSE,FALSE,Lesion 23 Day 033 AA,Lesion 23 Day 046 AA,Lesion 23 Day 059 AA,Lesion 23 Day 073 AA,Lesion 23 Day 087 AA,Lesion 23 Day 101 AA
RIF,BO22,8,-477.64,-254.9,-291.78,-339.82,-393.75,-421.86,-488.0,-249.0,-298.0,-339.0,-409.0,-436.0,94.81,138.0,127.14,101.42,86.91,110.91,0.49,0.7,0.73,0.42,0.39,0.49,0.5,0.7,0.72,0.42,0.4,0.49,0.03,0.06,0.08,0.04,0.03,0.03,0.62,0.83,1.09,0.59,0.5,0.58,0.0,0.0,0.0,0.0,0.0,0.0,0,0,0,0,0,0,0.0,0.0,0.0,0.0,0.0,0.0,0.0,0.01,0.01,0.01,0.0,0.0,0.0,0.01,0.01,0.01,0.0,0.0,0.0,0.0,0.0,0.0,0.0,0.0,0.0,0.01,0.01,0.01,0.01,0.01,0.0,0.0,0.0,0.0,0.0,0.0,,,,,,,NA,NA,NA,NA,NA,NA,NA,NA,NA,NA,NA,NA,FALSE,FALSE,FALSE,FALSE,FALSE,FALSE,Lesion 08 Day 033 FG,Lesion 08 Day 048 FG,Lesion 08 Day 060 FG,Lesion 08 Day 075 FG,Lesion 08 Day 087 FG,Lesion 08 Day 100 FG
RIF,BO22,9,-436.23,-293.46,-400.23,-480.23,-458.99,-437.6,-432.0,-307.0,-411.0,-487.0,-466.0,-452.0,93.69,127.43,96.38,93.32,94.76,89.58,0.46,0.59,0.55,0.37,0.33,0.4,0.45,0.6,0.54,0.37,0.33,0.39,0.04,0.04,0.04,0.03,0.02,0.02,0.59,0.71,0.67,0.44,0.38,0.44,0.0,0.0,0.0,0.0,0.0,0.0,0,0,0,0,0,0,0.0,0.0,0.0,0.0,0.0,0.0,0.0,0.01,0.01,0.01,0.0,0.0,0.0,0.01,0.01,0.0,0.0,0.0,0.0,0.0,0.0,0.0,0.0,0.0,0.01,0.01,0.02,0.01,0.0,0.0,0.0,0.0,0.0,0.0,0.0,0.0,,,,,,,NA,NA,NA,NA,NA,NA,NA,NA,NA,NA,NA,NA,FALSE,FALSE,FALSE,FALSE,FALSE,FALSE,Lesion 09 Day 033 FG,Lesion 09 Day 048 FG,Lesion 09 Day 060 FG,Lesion 09 Day 075 FG,Lesion 09 Day 087 FG,Lesion 09 Day 100 FG
RIF,BO23,6,-602.24,-416.36,-506.37,-593.46,-479.35,-570.95,-611.0,-441.0,-505.0,-597.0,-495.0,-581.0,72.08,143.11,98.93,93.27,116.42,84.86,0.38,0.35,0.43,0.35,0.31,0.26,0.38,0.34,0.43,0.34,0.31,0.26,0.03,0.04,0.05,0.03,0.02,0.01,0.49,0.45,0.53,0.42,0.37,0.31,0.0,0.0,0.0,0.0,0.0,0.0,0,0,0,0,0,0,0.0,0.0,0.0,0.0,0.0,0.0,0.0,0.0,0.0,0.0,0.0,0.0,0.0,0.0,0.0,0.0,0.0,0.0,0.0,0.0,0.0,0.0,0.0,0.0,0.0,0.01,0.0,0.0,0.0,0.0,0.0,0.0,0.0,0.0,0.0,0.0,,,,,,,NA,NA,NA,NA,NA,NA,NA,NA,NA,NA,NA,NA,FALSE,FALSE,FALSE,FALSE,FALSE,FALSE,Lesion 06 Day 033 AA,Lesion 06 Day 048 AA,Lesion 06 Day 060 AA,Lesion 06 Day 075 AA,Lesion 06 Day 087 AA,Lesion 06 Day 101 AA
MOX,BO36,21,-507.04,-199.37,-276.33,-459.21,-262.7,-385.92,-515.0,-199.0,-268.0,-442.0,-252.0,-398.0,100.91,118.52,112.01,89.39,131.37,128.59,0.34,1.03,0.38,0.21,0.33,0.43,0.34,1.02,0.38,0.21,0.33,0.43,0.01,0.17,0.05,0.02,0.03,0.03,0.39,1.45,0.49,0.26,0.4,0.49,0.0,0.0,0.0,0.0,0.0,0.0,0,0,0,0,0,0,0.0,0.0,0.0,0.0,0.0,0.0,0.0,0.02,0.01,0.0,0.0,0.0,0.0,0.02,0.01,0.0,0.0,0.0,0.0,0.0,0.0,0.0,0.0,0.0,0.0,0.01,0.01,0.01,0.01,0.0,0.0,0.01,0.0,0.0,0.0,0.0,,,,,,,NA,NA,NA,NA,NA,NA,NA,NA,NA,NA,NA,NA,FALSE,FALSE,FALSE,FALSE,FALSE,FALSE,Lesion 21 Day 034 FG,Lesion 21 Day 047 FG,Lesion 21 Day 060 FG,Lesion 21 Day 075 FG,Lesion 21 Day 089 FG,Lesion 21 Day 103 FG
MOX,BO36,22,-717.86,-352.73,-355.55,-513.01,-439.59,-463.47,-720.0,-375.0,-361.0,-501.0,-456.0,-495.0,46.19,113.41,115.45,104.37,106.36,110.45,0.32,0.59,0.29,0.21,0.27,0.35,0.31,0.6,0.3,0.21,0.27,0.35,0.02,0.03,0.03,0.01,0.01,0.01,0.37,0.68,0.35,0.22,0.29,0.38,0.0,0.0,0.0,0.0,0.0,0.0,0,0,0,0,0,0,0.0,0.0,0.0,0.0,0.0,0.0,0.0,0.0,0.0,0.0,0.0,0.0,0.0,0.0,0.0,0.0,0.0,0.0,0.0,0.0,0.0,0.0,0.0,0.0,0.0,0.0,0.01,0.0,0.0,0.0,0.0,0.0,0.0,0.0,0.0,0.0,,,,,,,NA,NA,NA,NA,NA,NA,NA,NA,NA,NA,NA,NA,FALSE,FALSE,FALSE,FALSE,FALSE,FALSE,Lesion 22 Day 034 FG,Lesion 22 Day 047 FG,Lesion 22 Day 060 FG,Lesion 22 Day 075 FG,Lesion 22 Day 089 FG,Lesion 22 Day 103 FG
MOX,BO37,11,-595.52,-479.0,-499.16,-535.72,-633.64,-600.71,-597.0,-478.0,-512.0,-542.0,-641.0,-598.0,66.1,85.03,108.58,107.64,113.98,82.86,0.2,0.72,0.52,0.34,0.28,0.38,0.2,0.74,0.5,0.34,0.28,0.38,0.01,0.14,0.04,0.03,0.02,0.02,0.24,0.98,0.61,0.41,0.33,0.43,0.0,0.0,0.0,0.0,0.0,0.0,0,0,0,0,0,0,0.0,0.0,0.0,0.0,0.0,0.0,0.0,0.01,0.0,0.0,0.0,0.0,0.0,0.01,0.0,0.0,0.0,0.0,0.0,0.0,0.0,0.0,0.0,0.0,0.0,0.01,0.0,0.0,0.0,0.0,0.0,0.0,0.0,0.0,0.0,0.0,,,,,,,NA,NA,NA,NA,NA,NA,NA,NA,NA,NA,NA,NA,FALSE,FALSE,FALSE,FALSE,FALSE,FALSE,Lesion 11 Day 034 AA,Lesion 11 Day 047 AA,Lesion 11 Day 060 AA,Lesion 11 Day 074 AA,Lesion 11 Day 089 AA,Lesion 11 Day 103 AA
MOX,BO37,13,-542.9,-517.52,-536.91,-565.52,-532.06,-702.08,-549.0,-519.0,-532.0,-579.0,-540.0,-703.0,65.21,77.14,88.6,92.89,88.17,51.62,0.17,0.66,0.44,0.28,0.28,0.4,0.17,0.66,0.43,0.27,0.28,0.4,0.02,0.09,0.07,0.02,0.02,0.04,0.23,0.89,0.71,0.34,0.31,0.52,0.0,0.0,0.0,0.0,0.0,0.0,0,0,0,0,0,0,0.0,0.0,0.0,0.0,0.0,0.0,0.0,0.01,0.0,0.0,0.0,0.0,0.0,0.0,0.0,0.0,0.0,0.0,0.0,0.0,0.0,0.0,0.0,0.4807692307692307,0.0,0.01,0.0,0.0,0.0,0.0,0.0,0.0,0.0,0.0,0.0,0.0,,,,,,,NA,NA,NA,NA,NA,NA,NA,NA,NA,NA,NA,NA,FALSE,FALSE,FALSE,FALSE,FALSE,FALSE,Lesion 13 Day 034 AA,Lesion 13 Day 047 AA,Lesion 13 Day 060 AA,Lesion 13 Day 074 AA,Lesion 13 Day 089 AA,Lesion 13 Day 103 AA
MOX+RIF,BO42,5,-460.78,-253.3,-429.56,-509.62,-350.21,-469.5,-480.0,-264.0,-479.0,-530.0,-346.0,-472.0,102.18,124.74,159.42,104.34,122.29,80.5,1.22,0.82,0.96,0.7,1.04,1.37,1.19,0.82,0.92,0.69,0.96,1.32,0.2,0.06,0.18,0.09,0.28,0.31,1.8,0.97,1.47,0.96,1.9,2.07,0.0,0.0,0.0,0.0,0.0,0.0,0,0,0,0,0,0,0.0,0.0,0.0,0.0,0.0,0.0,0.0,0.0,0.0,0.0,0.01,0.01,0.0,0.0,0.0,0.0,0.01,0.01,0.0,0.0,,,,,0.0,0.0,0.0,0.0,0.01,0.01,0.0,0.0,0.0,0.0,0.0,0.0,,,,,,,NA,NA,NA,NA,NA,NA,NA,NA,NA,NA,NA,NA,FALSE,FALSE,FALSE,FALSE,FALSE,FALSE,Lesion 05 Day 033 AA,Lesion 05 Day 046 AA,Lesion 05 Day 062 AA,Lesion 05 Day 074 AA,Lesion 05 Day 088 AA,Lesion 05 Day 102 AA
INH,BP02,21,-293.87,-345.8,-354.22,-286.15,-170.37,-310.42,-282.0,-365.0,-377.75,-303.0,-159.0,-313.0,196.52,129.8,156.53,175.97,178.57,196.43,1.32,0.64,0.34,0.39,0.53,0.31,1.34,0.63,0.34,0.37,0.53,0.31,0.17,0.07,0.03,0.06,0.06,0.02,1.68,0.82,0.46,0.59,0.63,0.38,0.0,0.0,0.0,0.0,0.0,0.0,0,0,0,0,0,0,0.0,0.0,0.0,0.0,0.0,0.0,0.02,0.01,0.01,0.01,0.0,0.0,0.02,0.01,0.01,0.0,0.0,0.0,0.0,0.0,0.0,0.0,0.0,0.0,0.01,0.01,0.01,0.01,0.0,0.0,0.0,0.0,0.0,0.0,0.0,0.0,,,,,,,NA,NA,NA,NA,NA,NA,NA,NA,NA,NA,NA,NA,FALSE,FALSE,FALSE,FALSE,FALSE,FALSE,Lesion 21 Day 034 AA,Lesion 21 Day 045 AA,Lesion 21 Day 061 AA,Lesion 21 Day 073 AA,Lesion 21 Day 087 AA,Lesion 21 Day 101 AA
BDQ+LZD,BP09,13,-631.48,-427.6,-287.07,-514.86,-645.6,-632.01,-641.0,-457.0,-295.0,-524.0,-649.0,-639.0,91.13,153.66,152.24,139.02,99.98,102.65,0.39,0.92,2.08,0.75,0.25,0.28,0.38,0.91,1.89,0.72,0.26,0.28,0.03,0.14,0.78,0.18,0.02,0.02,0.53,1.51,4.33,1.31,0.32,0.32,0.0,0.0,0.01,0.0,0.0,0.0,0,0,0.01,0,0,0,0.0,0.0,0.01,0.0,0.0,0.0,0.0,0.01,0.03,0.01,0.0,0.0,0.0,0.01,0.02,0.0,0.0,0.0,0.0,0.0,0.0023094688221709007,0.0,0.0,0.0,0.0,0.01,0.01,0.01,0.0,0.0,0.0,0.0,0.0,0.0,0.0,0.0,,,,,,,NA,NA,NA,NA,NA,NA,NA,NA,NA,NA,NA,NA,FALSE,FALSE,FALSE,FALSE,FALSE,FALSE,Lesion 13 Day 033 AA,Lesion 13 Day 046 AA,Lesion 13 Day 060 AA,Lesion 13 Day 074 AA,Lesion 13 Day 088 AA,Lesion 13 Day 102 AA
LZD+PMD,BP14,11,-343.29,-243.98,-328.8,-349.36,-401.45,-517.21,-366.0,-235.0,-333.0,-362.0,-418.0,-516.0,149.11,184.57,131.21,153.42,110.37,86.44,0.6,0.59,0.69,0.4,0.49,0.52,0.58,0.57,0.68,0.4,0.47,0.51,0.06,0.11,0.08,0.03,0.05,0.04,0.8,1.02,0.88,0.47,0.59,0.63,0.0,0.0,0.0,0.0,0.0,0.0,0,0,0,0,0,0,0.0,0.0,0.0,0.0,0.0,0.0,0.01,0.01,0.01,0.0,0.0,0.0,0.01,0.01,0.01,0.0,0.0,0.0,0.0,0.0,0.0,0.0,0.0,0.0,0.01,0.01,0.01,0.01,0.0,0.0,0.0,0.0,0.0,0.0,0.0,0.0,,,,,,,NA,NA,NA,NA,NA,NA,NA,NA,NA,NA,NA,NA,FALSE,FALSE,FALSE,FALSE,FALSE,FALSE,Lesion 11 Day 034 AA,Lesion 11 Day 047 AA,Lesion 11 Day 060 AA,Lesion 11 Day 074 AA,Lesion 11 Day 088 AA,Lesion 11 Day 101 AA
LZD+PMD,BP14,14,-480.96,-351.95,-505.2,-451.73,-633.27,-623.63,-496.0,-367.0,-514.0,-469.0,-643.0,-623.0,129.21,132.24,90.48,122.53,75.08,96.89,0.6,0.56,0.58,0.38,0.46,0.48,0.6,0.55,0.57,0.37,0.46,0.47,0.02,0.03,0.02,0.03,0.04,0.03,0.66,0.62,0.66,0.46,0.59,0.54,0.0,0.0,0.0,0.0,0.0,0.0,0,0,0,0,0,0,0.0,0.0,0.0,0.0,0.0,0.0,0.0,0.0,0.0,0.0,0.0,0.0,0.0,0.0,0.0,0.0,0.0,0.0,0.0,0.0,0.0,0.0,0.0,0.0,0.0,0.0,0.0,0.0,0.0,0.0,0.0,0.0,0.0,0.0,0.0,0.0,,,,,,,NA,NA,NA,NA,NA,NA,NA,NA,NA,NA,NA,NA,FALSE,FALSE,FALSE,FALSE,FALSE,FALSE,Lesion 14 Day 034 AA,Lesion 14 Day 047 AA,Lesion 14 Day 060 AA,Lesion 14 Day 074 AA,Lesion 14 Day 088 AA,Lesion 14 Day 101 AA
LZD+PMD,BP14,27,-423.8,-351.22,-408.84,-404.51,-453.7,-465.92,-449.0,-378.0,-424.0,-423.0,-478.0,-484.0,142.4,137.89,145.6,145.04,131.11,114.35,0.61,0.6,0.63,0.49,0.62,0.56,0.61,0.59,0.63,0.49,0.62,0.55,0.02,0.03,0.04,0.03,0.04,0.04,0.68,0.69,0.7,0.53,0.73,0.67,0.0,0.0,0.0,0.0,0.0,0.0,0,0,0,0,0,0,0.0,0.0,0.0,0.0,0.0,0.0,0.0,0.0,0.0,0.0,0.0,0.0,0.0,0.0,0.0,0.0,0.0,0.0,0.0,0.0,0.0,0.0,0.0,0.0,0.0,0.01,0.0,0.0,0.0,0.0,0.0,0.0,0.0,0.0,0.0,0.0,,,,,,,NA,NA,NA,NA,NA,NA,NA,NA,NA,NA,NA,NA,FALSE,FALSE,FALSE,FALSE,FALSE,FALSE,Lesion 27 Day 034 AA,Lesion 27 Day 047 AA,Lesion 27 Day 060 AA,Lesion 27 Day 074 AA,Lesion 27 Day 088 AA,Lesion 27 Day 101 AA
LZD+PMD,BP14,28,-418.82,-430.32,-422.0,-431.76,-528.92,-555.47,-441.0,-444.0,-442.0,-461.0,-534.0,-557.0,120.7,100.87,119.06,135.45,117.6,69.31,0.53,0.44,0.62,0.42,0.51,0.54,0.52,0.44,0.61,0.41,0.5,0.54,0.04,0.04,0.06,0.04,0.05,0.05,0.61,0.54,0.74,0.53,0.63,0.66,0.0,0.0,0.0,0.0,0.0,0.0,0,0,0,0,0,0,0.0,0.0,0.0,0.0,0.0,0.0,0.0,0.0,0.0,0.0,0.0,0.0,0.0,0.0,0.0,0.0,0.0,0.0,0.0,0.0,0.0,0.0,0.0,0.0,0.0,0.0,0.0,0.0,0.0,0.0,0.0,0.0,0.0,0.0,0.0,0.0,,,,,,,NA,NA,NA,NA,NA,NA,NA,NA,NA,NA,NA,NA,FALSE,FALSE,FALSE,FALSE,FALSE,FALSE,Lesion 28 Day 034 AA,Lesion 28 Day 047 AA,Lesion 28 Day 060 AA,Lesion 28 Day 074 AA,Lesion 28 Day 088 AA,Lesion 28 Day 101 AA
LZD+PMD,BP14,29,-430.68,-473.2,-448.02,-575.1,-613.56,-558.41,-435.0,-479.0,-454.0,-572.0,-605.0,-568.0,124.91,110.45,98.77,72.78,68.49,97.78,0.62,0.4,0.55,0.35,0.46,0.56,0.61,0.4,0.55,0.35,0.45,0.56,0.08,0.02,0.02,0.01,0.02,0.04,0.83,0.44,0.65,0.36,0.5,0.7,0.0,0.0,0.0,0.0,0.0,0.0,0,0,0,0,0,0,0.0,0.0,0.0,0.0,0.0,0.0,0.0,0.0,0.0,0.0,0.0,0.0,0.0,0.0,0.0,0.0,0.0,0.0,0.0,0.0,0.0,0.0,0.0,0.0,0.0,0.0,0.0,0.0,0.0,0.0,0.0,0.0,0.0,0.0,0.0,0.0,,,,,,,NA,NA,NA,NA,NA,NA,NA,NA,NA,NA,NA,NA,FALSE,FALSE,FALSE,FALSE,FALSE,FALSE,Lesion 29 Day 034 AA,Lesion 29 Day 047 AA,Lesion 29 Day 060 AA,Lesion 29 Day 074 AA,Lesion 29 Day 088 AA,Lesion 29 Day 101 AA
LZD+PMD,BP14,30,-588.14,-545.13,-455.72,-620.12,-632.28,-581.78,-592.0,-558.0,-480.0,-618.0,-640.0,-577.0,77.28,100.65,99.1,67.54,62.58,58.43,0.58,0.45,0.59,0.36,0.54,0.51,0.58,0.45,0.57,0.36,0.54,0.51,0.02,0.05,0.05,0.04,0.02,0.04,0.66,0.6,0.73,0.44,0.57,0.59,0.0,0.0,0.0,0.0,0.0,0.0,0,0,0,0,0,0,0.0,0.0,0.0,0.0,0.0,0.0,0.0,0.0,0.0,0.0,0.0,0.0,0.0,0.0,0.0,0.0,0.0,0.0,0.0,0.0,0.0,0.0,0.0,0.0,0.0,0.0,0.0,0.0,0.0,0.0,0.0,0.0,0.0,0.0,0.0,0.0,,,,,,,NA,NA,NA,NA,NA,NA,NA,NA,NA,NA,NA,NA,FALSE,FALSE,FALSE,FALSE,FALSE,FALSE,Lesion 30 Day 034 AA,Lesion 30 Day 047 AA,Lesion 30 Day 060 AA,Lesion 30 Day 074 AA,Lesion 30 Day 088 AA,Lesion 30 Day 101 AA
LZD+PMD,BP14,44,-318.57,-199.54,-270.83,-311.95,-384.85,-386.32,-321.0,-149.0,-262.0,-317.0,-390.0,-397.0,128.89,149.08,141.32,147.53,166.09,115.31,0.89,1.08,0.81,0.4,0.47,0.53,0.89,1.05,0.81,0.39,0.47,0.53,0.1,0.24,0.12,0.06,0.03,0.06,1.2,1.67,1.11,0.64,0.54,0.81,0.0,0.0,0.0,0.0,0.0,0.0,0,0,0,0,0,0,0.0,0.0,0.0,0.0,0.0,0.0,0.03,0.02,0.02,0.01,0.01,0.01,0.03,0.02,0.02,0.01,0.0,0.01,0.0,0.0,0.0,0.0,0.0,0.0,0.03,0.01,0.02,0.01,0.01,0.01,0.0,0.01,0.0,0.0,0.0,0.0,,,,,,,NA,NA,NA,NA,NA,NA,NA,NA,NA,NA,NA,NA,FALSE,FALSE,FALSE,FALSE,FALSE,FALSE,Lesion 44 Day 034 AA,Lesion 44 Day 047 AA,Lesion 44 Day 060 AA,Lesion 44 Day 074 AA,Lesion 44 Day 088 AA,Lesion 44 Day 101 AA
LZD+PMD,BP14,47,-351.35,-286.96,-342.25,-378.64,-518.68,-488.51,-359.0,-275.0,-344.0,-389.0,-546.0,-496.0,108.0,161.63,126.73,131.38,141.47,105.88,0.82,0.94,0.7,0.36,0.42,0.41,0.8,0.88,0.68,0.34,0.42,0.4,0.11,0.22,0.11,0.06,0.02,0.03,1.19,1.44,0.96,0.51,0.51,0.51,0.0,0.0,0.0,0.0,0.0,0.0,0,0,0,0,0,0,0.0,0.0,0.0,0.0,0.0,0.0,0.01,0.02,0.01,0.0,0.0,0.0,0.01,0.02,0.01,0.0,0.0,0.0,0.0,0.0,0.0,0.0,0.0,0.0,0.02,0.01,0.01,0.01,0.0,0.0,0.0,0.0,0.0,0.0,0.0,0.0,,,,,,,NA,NA,NA,NA,NA,NA,NA,NA,NA,NA,NA,NA,FALSE,FALSE,FALSE,FALSE,FALSE,FALSE,Lesion 47 Day 034 AA,Lesion 47 Day 047 AA,Lesion 47 Day 060 AA,Lesion 47 Day 074 AA,Lesion 47 Day 088 AA,Lesion 47 Day 101 AA
LZD+PMD,BP14,50,-296.38,-203.37,-293.84,-305.89,-302.12,-381.98,-303.0,-162.0,-291.0,-304.0,-282.0,-384.0,142.32,150.12,142.4,157.54,160.02,136.53,0.73,0.94,0.83,0.41,0.48,0.48,0.69,0.86,0.81,0.36,0.46,0.48,0.16,0.38,0.22,0.13,0.08,0.07,1.35,1.73,1.3,0.84,0.67,0.62,0.0,0.01,0.0,0.0,0.0,0.0,0,0.01,0,0,0,0,0.0,0.0,0.0,0.0,0.0,0.0,0.04,0.06,0.04,0.02,0.01,0.01,0.03,0.05,0.04,0.01,0.01,0.01,0.0,0.005780346820809249,0.0,0.0,0.0,0.0,0.04,0.04,0.04,0.03,0.02,0.02,0.01,0.02,0.01,0.0,0.0,0.0,,,,,,,NA,NA,NA,NA,NA,NA,NA,NA,NA,NA,NA,NA,FALSE,FALSE,FALSE,FALSE,FALSE,FALSE,Lesion 50 Day 034 AA,Lesion 50 Day 047 AA,Lesion 50 Day 060 AA,Lesion 50 Day 074 AA,Lesion 50 Day 088 AA,Lesion 50 Day 101 AA
LZD+PMD,BP14,51,-469.41,-335.6,-411.48,-414.18,-464.24,-581.66,-464.0,-343.0,-411.0,-421.0,-475.0,-586.0,87.06,148.56,109.53,115.83,130.74,88.77,0.63,0.64,0.69,0.37,0.42,0.5,0.62,0.63,0.7,0.36,0.42,0.49,0.03,0.08,0.06,0.03,0.02,0.03,0.76,0.93,0.86,0.47,0.49,0.6,0.0,0.0,0.0,0.0,0.0,0.0,0,0,0,0,0,0,0.0,0.0,0.0,0.0,0.0,0.0,0.01,0.01,0.01,0.0,0.0,0.0,0.01,0.01,0.01,0.0,0.0,0.0,0.0,0.0,0.0,0.0,0.0,0.0,0.01,0.01,0.01,0.0,0.0,0.0,0.0,0.0,0.0,0.0,0.0,0.0,,,,,,,NA,NA,NA,NA,NA,NA,NA,NA,NA,NA,NA,NA,FALSE,FALSE,FALSE,FALSE,FALSE,FALSE,Lesion 51 Day 034 AA,Lesion 51 Day 047 AA,Lesion 51 Day 060 AA,Lesion 51 Day 074 AA,Lesion 51 Day 088 AA,Lesion 51 Day 101 AA
LZD+PMD,BP17,4,-486.47,-463.93,-564.52,-629.05,-671.68,-688.83,-488.0,-471.0,-566.0,-649.0,-674.0,-694.0,99.67,105.85,102.67,89.72,71.83,63.07,0.67,0.56,0.54,0.45,0.45,0.53,0.66,0.56,0.54,0.44,0.44,0.52,0.05,0.03,0.03,0.04,0.02,0.05,0.84,0.67,0.64,0.56,0.55,0.66,0.0,0.0,0.0,0.0,0.0,0.0,0,0,0,0,0,0,0.0,0.0,0.0,0.0,0.0,0.0,0.01,0.0,0.0,0.0,0.0,0.0,0.0,0.0,0.0,0.0,0.0,,0.0,0.0,0.0,0.0,0.0,0.0,0.0,0.0,0.0,0.0,0.0,0.0,0.0,0.0,0.0,0.0,0.0,0.0,,,,,,0.6020599913279624,Fibrotic,Fibrotic,Fibrotic,Fibrotic,Fibrotic,Fibrotic,Fibrotic,Fibrotic,Fibrotic,Fibrotic,Fibrotic,Fibrotic,FALSE,FALSE,FALSE,FALSE,FALSE,FALSE,Lesion 04 Day 034 AA,Lesion 04 Day 047 AA,Lesion 04 Day 060 AA,Lesion 04 Day 074 AA,Lesion 04 Day 088 AA,Lesion 04 Day 102 AA
LZD+PMD,BP17,12,-376.53,-233.75,-249.9,-393.43,-423.34,-383.52,-405.0,-223.0,-255.0,-404.0,-431.0,-396.0,151.55,167.74,175.87,180.25,119.03,115.42,0.92,1.08,0.74,0.71,0.65,0.59,0.89,1.03,0.73,0.7,0.64,0.58,0.14,0.15,0.05,0.09,0.05,0.03,1.35,1.6,0.9,0.98,0.79,0.67,0.0,0.0,0.0,0.0,0.0,0.0,0,0,0,0,0,0,0.0,0.0,0.0,0.0,0.0,0.0,0.01,0.01,0.01,0.0,0.0,0.0,0.01,0.01,0.0,0.0,0.0,0.0,0.0,0.0,0.0,0.0,0.0,0.0,0.01,0.01,0.0,0.0,0.0,0.0,0.0,0.0,0.0,0.0,0.0,0.0,,,,,,,NA,NA,NA,NA,NA,NA,NA,NA,NA,NA,NA,NA,FALSE,FALSE,FALSE,FALSE,FALSE,FALSE,Lesion 12 Day 034 AA,Lesion 12 Day 047 AA,Lesion 12 Day 060 AA,Lesion 12 Day 074 AA,Lesion 12 Day 088 AA,Lesion 12 Day 102 AA
LZD+PMD,BP17,18,-505.9,-281.09,-359.48,-472.34,-629.8,-636.2,-512.0,-287.0,-375.0,-521.0,-629.0,-648.0,118.64,146.21,124.91,169.18,68.52,73.55,0.64,0.79,0.58,0.45,0.43,0.38,0.63,0.77,0.58,0.45,0.43,0.38,0.04,0.1,0.04,0.03,0.03,0.02,0.74,1.09,0.67,0.54,0.51,0.45,0.0,0.0,0.0,0.0,0.0,0.0,0,0,0,0,0,0,0.0,0.0,0.0,0.0,0.0,0.0,0.01,0.01,0.0,0.0,0.0,0.0,0.0,0.01,0.0,0.0,0.0,0.0,0.0,0.0,0.0,0.0,0.0,0.0,0.0,0.01,0.0,0.0,0.0,0.0,0.0,0.0,0.0,0.0,0.0,0.0,,,,,,,NA,NA,NA,NA,NA,NA,NA,NA,NA,NA,NA,NA,FALSE,FALSE,FALSE,FALSE,FALSE,FALSE,Lesion 18 Day 034 AA,Lesion 18 Day 047 AA,Lesion 18 Day 060 AA,Lesion 18 Day 074 AA,Lesion 18 Day 088 AA,Lesion 18 Day 102 AA
LZD+PMD,BP17,26,-527.46,-270.64,-503.17,-521.79,-618.83,-697.01,-531.0,-266.0,-504.0,-506.0,-621.0,-700.0,85.84,139.36,84.99,80.09,71.94,47.66,0.72,1.07,0.69,0.44,0.58,0.41,0.71,1.06,0.7,0.43,0.57,0.4,0.07,0.13,0.1,0.06,0.08,0.05,0.92,1.44,0.93,0.6,0.74,0.63,0.0,0.0,0.0,0.0,0.0,0.0,0,0,0,0,0,0,0.0,0.0,0.0,0.0,0.0,0.0,0.02,0.01,0.01,0.0,0.0,0.0,0.01,0.01,0.0,0.0,0.0,0.0,0.0,0.0,0.0,0.0,0.0,0.0,0.01,0.01,0.0,0.0,0.0,0.0,0.0,0.0,0.0,0.0,0.0,0.0,,,,,,,NA,NA,NA,NA,NA,NA,NA,NA,NA,NA,NA,NA,FALSE,FALSE,FALSE,FALSE,FALSE,FALSE,Lesion 26 Day 034 AA,Lesion 26 Day 047 AA,Lesion 26 Day 060 AA,Lesion 26 Day 074 AA,Lesion 26 Day 088 AA,Lesion 26 Day 102 AA
LZD+PMD,BP17,29,-462.42,-397.21,-500.18,-536.25,-603.86,-554.44,-477.0,-410.0,-498.0,-541.0,-602.0,-557.0,123.44,89.46,86.6,85.12,65.15,69.22,0.68,0.8,0.55,0.31,0.33,0.3,0.68,0.78,0.54,0.31,0.33,0.3,0.04,0.12,0.08,0.01,0.02,0.02,0.8,1.2,0.76,0.36,0.38,0.42,0.0,0.0,0.0,0.0,0.0,0.0,0,0,0,0,0,0,0.0,0.0,0.0,0.0,0.0,0.0,0.01,0.01,0.01,0.0,0.0,0.0,0.01,0.01,0.0,0.0,0.0,0.0,0.0,0.0,0.0,0.0,0.0,0.0,0.01,0.01,0.01,0.0,0.0,0.0,0.0,0.0,0.0,0.0,0.0,0.0,,,,,,,NA,NA,NA,NA,NA,NA,NA,NA,NA,NA,NA,NA,FALSE,FALSE,FALSE,FALSE,FALSE,FALSE,Lesion 29 Day 034 AA,Lesion 29 Day 047 AA,Lesion 29 Day 060 AA,Lesion 29 Day 074 AA,Lesion 29 Day 088 AA,Lesion 29 Day 102 AA
PZA+RIF,BP20,7,-393.01,-392.57,-548.28,-604.62,-562.8,-666.54,-400.0,-411.0,-561.0,-605.0,-572.0,-679.0,75.92,86.27,79.68,72.32,65.93,52.01,0.65,0.45,0.5,0.41,0.47,0.46,0.65,0.44,0.49,0.4,0.47,0.46,0.08,0.02,0.04,0.03,0.05,0.05,0.87,0.48,0.6,0.52,0.59,0.55,0.0,0.0,0.0,0.0,0.0,0.0,0,0,0,0,0,0,0.0,0.0,0.0,0.0,0.0,0.0,0.0,0.0,0.0,0.0,0.0,0.0,0.0,0.0,0.0,0.0,0.0,0.0,0.0,0.0,0.0,0.0,0.0,0.0,0.0,0.0,0.0,0.0,0.0,0.0,0.0,0.0,0.0,0.0,0.0,0.0,,,,,,,NA,NA,NA,NA,NA,NA,NA,NA,NA,NA,NA,NA,FALSE,FALSE,FALSE,FALSE,FALSE,FALSE,Lesion 07 Day 034 AA,Lesion 07 Day 045 AA,Lesion 07 Day 061 AA,Lesion 07 Day 073 AA,Lesion 07 Day 087 AA,Lesion 07 Day 101 AA
PZA+RIF,BP20,8,-438.49,-245.94,-211.57,-250.48,-373.87,-388.53,-447.0,-237.0,-193.0,-237.0,-374.0,-398.0,98.34,122.65,139.24,159.08,91.72,89.36,0.49,1.56,0.64,0.39,0.4,0.34,0.49,1.49,0.62,0.39,0.4,0.34,0.03,0.71,0.1,0.03,0.03,0.02,0.6,3.02,0.97,0.46,0.46,0.37,0.0,0.01,0.0,0.0,0.0,0.0,0,0.01,0,0,0,0,0.0,0.01,0.0,0.0,0.0,0.0,0.01,0.04,0.01,0.01,0.0,0.0,0.01,0.04,0.01,0.01,0.0,0.0,0.0,0.0033112582781456954,0.0,0.0,0.0,0.0,0.01,0.02,0.01,0.02,0.01,0.01,0.0,0.01,0.01,0.01,0.0,0.0,,,,,,,NA,NA,NA,NA,NA,NA,NA,NA,NA,NA,NA,NA,FALSE,FALSE,FALSE,FALSE,FALSE,FALSE,Lesion 08 Day 034 AA,Lesion 08 Day 045 AA,Lesion 08 Day 061 AA,Lesion 08 Day 073 AA,Lesion 08 Day 087 AA,Lesion 08 Day 101 AA
PZA+RIF,BP20,12,-415.07,-334.91,-343.75,-452.07,-331.5,-401.58,-438.0,-350.0,-361.0,-484.0,-331.0,-412.0,73.03,128.4,125.68,169.55,110.72,69.64,0.4,1.1,0.42,0.23,0.24,0.19,0.39,1.03,0.41,0.23,0.24,0.19,0.01,0.39,0.03,0.01,0.01,0.01,0.43,1.95,0.52,0.27,0.27,0.2,0.0,0.0,0.0,0.0,0.0,0.0,0,0,0,0,0,0,0.0,0.0,0.0,0.0,0.0,0.0,0.0,0.03,0.01,0.0,0.0,0.0,0.0,0.03,0.01,0.0,0.0,0.0,0.0,0.0,0.0,0.0,0.0,0.0,0.01,0.02,0.02,0.01,0.01,0.0,0.0,0.0,0.0,0.0,0.0,0.0,,,,,,,NA,NA,NA,NA,NA,NA,NA,NA,NA,NA,NA,NA,FALSE,FALSE,FALSE,FALSE,FALSE,FALSE,Lesion 12 Day 034 AA,Lesion 12 Day 045 AA,Lesion 12 Day 061 AA,Lesion 12 Day 073 AA,Lesion 12 Day 087 AA,Lesion 12 Day 101 AA
PZA+RIF,BP29,10,-202.01,-224.01,-274.43,-331.62,-349.86,-222.05,-179.0,-220.0,-266.0,-345.0,-376.0,-207.0,157.21,131.46,112.99,120.32,136.18,168.2,0.41,0.76,0.44,0.6,0.9,1.05,0.41,0.74,0.44,0.59,0.89,1.02,0.05,0.12,0.01,0.07,0.1,0.18,0.57,1.03,0.48,0.75,1.21,1.56,0.0,0.0,0.0,0.0,0.0,0.0,0,0,0,0,0,0,0.0,0.0,0.0,0.0,0.0,0.0,0.01,0.02,0.0,0.0,0.01,0.02,0.01,0.02,0.0,0.0,0.01,0.02,0.0,0.0,0.0,0.0,0.0,0.0,0.02,0.02,0.0,0.01,0.01,0.01,0.01,0.01,0.0,0.0,0.0,0.01,,,,,,,NA,NA,NA,NA,NA,NA,NA,NA,NA,NA,NA,NA,FALSE,FALSE,FALSE,FALSE,FALSE,FALSE,Lesion 10 Day 034 AA,Lesion 10 Day 045 AA,Lesion 10 Day 061 AA,Lesion 10 Day 073 AA,Lesion 10 Day 087 AA,Lesion 10 Day 101 AA
PZA+RIF,BP29,15,-412.33,-44.3,-336.0,-387.59,-382.45,-375.5,-413.0,-35.0,-367.0,-405.0,-407.0,-383.0,50.16,87.88,117.79,149.58,100.45,91.99,2.03,2.26,0.31,0.62,0.93,0.77,1.81,1.88,0.29,0.59,0.88,0.76,0.75,0.86,0.04,0.07,0.2,0.1,3.77,4.68,0.44,0.77,1.6,1.02,0.0,0.02,0.0,0.0,0.0,0.0,0,0.02,0,0,0,0,0.0,0.01,0.0,0.0,0.0,0.0,0.01,0.05,0.0,0.0,0.0,0.0,0.01,0.05,0.0,0.0,0.0,0.0,0.0,0.0032154340836012866,0.0,0.0,0.0,0.0,0.0,0.0,0.0,0.0,0.0,0.0,0.0,0.02,0.0,0.0,0.0,0.0,,,,,,,NA,NA,NA,NA,NA,NA,NA,NA,NA,NA,NA,NA,FALSE,FALSE,FALSE,FALSE,FALSE,FALSE,Lesion 15 Day 034 AA,Lesion 15 Day 045 AA,Lesion 15 Day 061 AA,Lesion 15 Day 073 AA,Lesion 15 Day 087 AA,Lesion 15 Day 101 AA
PZA+RIF,BP35,4,-218.52,-191.15,-318.55,-352.45,-354.97,-499.75,-223.0,-198.0,-324.0,-375.0,-363.0,-503.0,126.72,166.08,143.75,178.76,124.4,102.87,0.68,1.26,0.66,0.8,0.93,0.74,0.68,1.23,0.65,0.76,0.9,0.75,0.07,0.23,0.07,0.12,0.14,0.09,0.84,1.83,0.89,1.1,1.47,0.92,0.0,0.0,0.0,0.0,0.0,0.0,0,0,0,0,0,0,0.0,0.0,0.0,0.0,0.0,0.0,0.01,0.02,0.0,0.0,0.0,0.0,0.01,0.02,0.0,0.0,0.0,0.0,0.0,0.0,0.0,0.0,0.0,0.0,0.01,0.01,0.0,0.0,0.0,0.0,0.0,0.01,0.0,0.0,0.0,0.0,,,,,,,NA,NA,NA,NA,NA,NA,NA,NA,NA,NA,NA,NA,FALSE,FALSE,FALSE,FALSE,FALSE,FALSE,Lesion 04 Day 033 AA,Lesion 04 Day 046 AA,Lesion 04 Day 060 AA,Lesion 04 Day 074 AA,Lesion 04 Day 088 AA,Lesion 04 Day 102 AA
PZA+RIF,BP35,15,-301.77,-307.52,-368.51,-328.7,-368.6,-349.53,-308.0,-312.0,-378.0,-331.0,-369.0,-359.0,99.69,126.85,102.06,116.38,84.16,120.62,0.57,1.29,1.01,0.51,0.58,0.44,0.56,1.15,0.8,0.49,0.55,0.43,0.07,0.37,0.4,0.07,0.07,0.02,0.7,2.67,2.49,0.76,0.77,0.51,0.0,0.0,0.0,0.0,0.0,0.0,0,0,0,0,0,0,0.0,0.0,0.0,0.0,0.0,0.0,0.0,0.01,0.01,0.0,0.0,0.0,0.0,0.01,0.01,0.0,0.0,0.0,0.0,0.0,0.0,0.0,0.0,0.0,0.01,0.01,0.01,0.0,0.0,0.0,0.0,0.0,0.0,0.0,0.0,0.0,,,,,,,NA,NA,NA,NA,NA,NA,NA,NA,NA,NA,NA,NA,FALSE,FALSE,FALSE,FALSE,FALSE,FALSE,Lesion 15 Day 033 AA,Lesion 15 Day 046 AA,Lesion 15 Day 060 AA,Lesion 15 Day 074 AA,Lesion 15 Day 088 AA,Lesion 15 Day 102 AA
PZA+RIF,BP35,16,-398.84,-361.29,-399.06,-369.05,-536.03,-553.68,-404.0,-388.0,-415.0,-380.0,-530.0,-569.0,78.53,120.76,79.89,114.9,74.28,84.49,0.28,0.56,0.43,0.31,0.35,0.33,0.28,0.52,0.43,0.3,0.34,0.33,0.02,0.11,0.01,0.02,0.02,0.01,0.33,0.93,0.47,0.37,0.39,0.36,0.0,0.0,0.0,0.0,0.0,0.0,0,0,0,0,0,0,0.0,0.0,0.0,0.0,0.0,0.0,0.0,0.01,0.0,0.0,0.0,0.0,0.0,0.01,0.0,0.0,0.0,0.0,0.0,0.0,0.0,0.0,0.0,0.0,0.01,0.01,0.01,0.0,0.0,0.0,0.0,0.0,0.0,0.0,0.0,0.0,,,,,,,NA,NA,NA,NA,NA,NA,NA,NA,NA,NA,NA,NA,FALSE,FALSE,FALSE,FALSE,FALSE,FALSE,Lesion 16 Day 033 AA,Lesion 16 Day 046 AA,Lesion 16 Day 060 AA,Lesion 16 Day 074 AA,Lesion 16 Day 088 AA,Lesion 16 Day 102 AA
OPC,BQ02,23,-593.8,-231.59,-268.28,-280.56,-248.6,-186.73,-594.0,-188.0,-266.0,-278.0,-234.0,-155.0,119.13,217.12,153.15,139.99,156.98,147.54,0.36,0.54,0.93,0.4,0.57,0.31,0.37,0.53,0.9,0.4,0.55,0.29,0.04,0.1,0.17,0.07,0.11,0.05,0.46,0.81,1.31,0.6,0.94,0.48,0.0,0.0,0.0,0.0,0.0,0.0,0,0,0,0,0,0,0.0,0.0,0.0,0.0,0.0,0.0,0.0,0.02,0.03,0.02,0.03,0.02,0.0,0.02,0.03,0.02,0.02,0.02,0.0,0.0,0.0,0.0,0.0,0.0,0.0,0.02,0.03,0.03,0.03,0.04,0.0,0.02,0.01,0.01,0.02,0.04,,,,,,,NA,NA,NA,NA,NA,NA,NA,NA,NA,NA,NA,NA,FALSE,FALSE,FALSE,FALSE,FALSE,FALSE,Lesion 23 Day 033 AA,Lesion 23 Day 054 AA,Lesion 23 Day 066 AA,Lesion 23 Day 080 AA,Lesion 23 Day 096 AA,Lesion 23 Day 108 AA
BDQ+LZD+PMD,BQ42,9,-313.14,-198.14,-210.74,-323.09,-350.93,-543.39,-330.0,-155.0,-184.0,-339.0,-364.0,-559.0,164.78,182.31,181.66,207.21,101.09,123.33,0.76,1.81,0.89,0.88,0.63,0.82,0.75,1.7,0.81,0.87,0.62,0.81,0.08,0.5,0.25,0.08,0.03,0.05,1.06,3.65,1.73,1.1,0.7,0.98,0.0,0.01,0.0,0.0,0.0,0.0,0,0.01,0,0,0,0,0.0,0.01,0.0,0.0,0.0,0.0,0.01,0.04,0.01,0.01,0.0,0.0,0.04,0.03,0.01,0.01,0.0,0.03,0.0,0.0027397260273972603,0.0,0.0,0.0,0.0,0.01,0.01,0.01,0.01,0.0,0.0,0.0,0.01,0.01,0.0,0.0,0.0,,,,,,,NA,NA,NA,NA,NA,NA,NA,NA,NA,NA,NA,NA,FALSE,FALSE,FALSE,FALSE,FALSE,FALSE,Lesion 09 Day 032 AA,Lesion 09 Day 032 AA,Lesion 09 Day 032 AA,Lesion 09 Day 032 AA,Lesion 09 Day 032 AA,Lesion 09 Day 032 AA
BDQ+LZD+PMD,BQ42,13,-516.86,-185.9,-216.08,-299.11,-528.91,-622.82,-522.0,-164.0,-214.0,-318.0,-541.0,-643.0,92.54,136.2,152.66,172.29,122.3,83.0,0.65,1.35,0.57,0.83,0.59,0.82,0.64,1.3,0.56,0.83,0.58,0.81,0.04,0.31,0.08,0.05,0.07,0.07,0.76,2.07,0.73,0.97,0.82,1.03,0.0,0.0,0.0,0.0,0.0,0.0,0,0,0,0,0,0,0.0,0.0,0.0,0.0,0.0,0.0,0.0,0.01,0.0,0.01,0.0,0.01,0.01,0.01,0.0,0.0,0.0,0.01,0.0,0.0,0.0,0.0,0.0,0.0,0.0,0.0,0.0,0.0,0.0,0.0,0.0,0.0,0.0,0.0,0.0,0.0,,,,,,,NA,NA,NA,NA,NA,NA,NA,NA,NA,NA,NA,NA,FALSE,FALSE,FALSE,FALSE,FALSE,FALSE,Lesion 13 Day 032 AA,Lesion 13 Day 032 AA,Lesion 13 Day 032 AA,Lesion 13 Day 032 AA,Lesion 13 Day 032 AA,Lesion 13 Day 032 AA
BDQ+LZD+PMD,BQ42,20,-339.57,-305.31,-347.49,-285.33,-332.27,-403.7,-354.0,-321.0,-364.0,-301.0,-352.0,-417.0,125.48,143.1,117.63,146.84,138.2,137.4,0.66,1.08,0.71,0.53,0.47,0.65,0.65,0.98,0.53,0.49,0.41,0.64,0.08,0.41,0.4,0.12,0.14,0.12,0.89,2.12,1.89,0.96,0.88,0.9,0.0,0.01,0.0,0.0,0.0,0.0,0,0.01,0,0,0,0,0.0,0.0,0.0,0.0,0.0,0.0,0.01,0.04,0.02,0.02,0.01,0.02,0.76,0.04,0.02,0.02,0.01,0.02,0.0,0.0047169811320754715,0.0,0.0,0.0,0.0,0.01,0.03,0.03,0.02,0.02,0.02,0.0,0.01,0.0,0.01,0.0,0.0,,,,,,,NA,NA,NA,NA,NA,NA,NA,NA,NA,NA,NA,NA,FALSE,FALSE,FALSE,FALSE,FALSE,FALSE,Lesion 20 Day 032 AA,Lesion 20 Day 032 AA,Lesion 20 Day 032 AA,Lesion 20 Day 032 AA,Lesion 20 Day 032 AA,Lesion 20 Day 032 AA
BDQ+LZD+PMD,BQ42,22,-330.21,-265.61,-322.45,-294.58,-344.23,-341.4,-333.0,-262.0,-317.0,-301.0,-347.0,-333.0,119.1,127.79,134.38,153.64,147.27,148.9,0.64,1.55,0.89,0.83,0.64,0.98,0.64,1.54,0.81,0.82,0.59,0.89,0.08,0.43,0.38,0.12,0.18,0.34,0.81,2.51,2.24,1.28,1.17,2.22,0.0,0.01,0.0,0.0,0.0,0.0,0,0.01,0,0,0,0,0.0,0.0,0.0,0.0,0.0,0.0,0.01,0.04,0.03,0.02,0.01,0.03,0.06,0.04,0.03,0.02,0.01,,0.0,0.003984063745019921,0.0,0.0,0.0,0.0,0.01,0.02,0.03,0.02,0.01,0.02,0.0,0.01,0.0,0.01,0.0,0.0,,,,,,,NA,NA,NA,NA,NA,NA,NA,NA,NA,NA,NA,NA,FALSE,FALSE,FALSE,FALSE,FALSE,FALSE,Lesion 22 Day 032 AA,Lesion 22 Day 032 AA,Lesion 22 Day 032 AA,Lesion 22 Day 032 AA,Lesion 22 Day 032 AA,Lesion 22 Day 032 AA
BDQ+LZD+PMD,BQ42,23,-330.64,-213.32,-152.93,-200.42,-229.43,-236.51,-354.0,-189.0,-116.0,-177.0,-220.0,-252.0,191.6,171.95,166.43,185.07,195.98,201.89,1.08,2.94,2.82,1.47,1.43,1.5,0.97,2.8,2.56,1.48,1.39,1.42,0.48,1.14,1.56,0.43,0.49,0.41,2.7,5.98,6.7,2.57,2.54,2.36,0.01,0.2,0.22,0.11,0.08,0.08,0.01,0.2,0.22,0.11,0.08,0.08,0.0,0.17,0.19,0.03,0.03,0.03,0.08,0.66,0.86,0.34,0.29,0.27,,0.63,0.85,0.33,0.27,,0.0037037037037037034,0.033444816053511704,0.03283582089552239,0.042801556420233464,0.031496062992125984,0.03389830508474576,0.04,0.11,0.13,0.11,0.1,0.09,0.01,0.1,0.17,0.11,0.08,0.07,,,,,,1.6434526764861874,Necrotic,Necrotic,Necrotic,Necrotic,Necrotic,Necrotic,Necrotic,Necrotic,Necrotic,Necrotic,Necrotic,Necrotic,FALSE,FALSE,FALSE,FALSE,FALSE,FALSE,Lesion 23 Day 032 AA,Lesion 23 Day 032 AA,Lesion 23 Day 032 AA,Lesion 23 Day 032 AA,Lesion 23 Day 032 AA,Lesion 23 Day 032 AA
BDQ+DLM+OPC,BQ47,10,-463.28,-410.88,-147.37,-77.83,,-471.31,-469.0,-434.0,-90.0,-41.0,,-478.0,99.68,113.44,184.69,136.13,,106.45,0.5,0.46,1.07,0.48,,0.49,0.49,0.46,1.04,0.48,,0.48,0.09,0.04,0.2,0.04,,0.05,0.82,0.59,1.49,0.57,,0.66,,,,,,,0,0,0,0,,0,0.0,0.0,0.0,0.0,,0.0,0.04,0.03,0.05,0.02,,0.02,0.03,0.02,0.05,0.02,,0.01,0.2,0.33333333333333337,0.38461538461538464,0.22222222222222224,,0.07142857142857142,0.05,0.04,0.02,0.01,,0.02,0.0,0.0,0.03,0.04,,0.0,,,,,,,NA,NA,NA,NA,,NA,NA,NA,NA,NA,,NA,FALSE,FALSE,FALSE,FALSE,,FALSE,Lesion 10 Day 035 AA,Lesion 10 Day 047 AA,Lesion 10 Day 060 AA,Lesion 10 Day 074 AA,,Lesion 10 Day 102 AA
PMD,BR01,5,-168.98,-0.45,10.9,-18.75,-50.95,-13.93,-102.0,10.0,25.0,14.0,-3.0,5.0,189.7,71.14,80.08,124.34,146.62,105.75,1.73,3.5,1.65,3.19,2.75,1.69,1.52,3.44,1.61,3.18,2.73,1.59,0.89,1.62,0.45,1.51,1.19,0.55,4.51,7.67,2.86,7.27,6.35,3.23,0.36,1.37,0.86,1.1,0.86,0.48,0.36,1.37,0.86,1.1,0.86,0.48,0.23,1.16,0.34,1.0,0.72,0.26,1.22,5.47,2.42,4.28,2.85,1.48,1.17,5.46,2.42,4.26,2.8,1.47,0.07982261640798226,0.17861799217731422,0.30069930069930073,0.15130674002751035,0.13543307086614173,0.14860681114551083,0.27,0.04,0.05,0.12,0.15,0.06,0.4,1.52,1.41,1.2,0.88,0.8,,,,,,5.379118648776266,Necrotic,Necrotic,Necrotic,Necrotic,Necrotic,Necrotic,Necrotic,Necrotic,Necrotic,Necrotic,Necrotic,Necrotic,FALSE,FALSE,FALSE,FALSE,FALSE,FALSE,Lesion 05 Day 035 AA,Lesion 05 Day 046 AA,Lesion 05 Day 060 AA,Lesion 05 Day 074 AA,Lesion 05 Day 088 AA,Lesion 05 Day 103 AA
BDQ+DLM+OPC,BR07,12,-246.24,-177.65,-516.39,-614.31,-689.2,-470.01,-241.0,-136.0,-533.0,-614.0,-693.0,-472.0,164.17,153.64,88.47,62.31,55.24,110.31,0.44,0.51,0.24,0.6,0.39,0.43,0.43,0.52,0.24,0.6,0.38,0.43,0.08,0.09,0.03,0.1,0.06,0.05,0.8,0.82,0.32,0.82,0.57,0.53,,,,,,,0,0,0,0,0,0,0.0,0.0,0.0,0.0,0.0,0.0,0.02,0.05,0.0,0.01,0.0,0.0,0.02,0.05,0.0,0.0,0.0,0.0,0.08,0.2777777777777778,0.0,0.0,0.0,0.0,0.03,0.05,0.0,0.0,0.0,0.0,0.02,0.05,0.0,0.0,0.0,0.0,,,,,,,NA,NA,NA,NA,NA,NA,NA,NA,NA,NA,NA,NA,FALSE,FALSE,FALSE,FALSE,FALSE,FALSE,Lesion 12 Day 033 AA,Lesion 12 Day 046 AA,Lesion 12 Day 060 AA,Lesion 12 Day 074 AA,Lesion 12 Day 088 AA,Lesion 12 Day 102 AA
BDQ+DLM+OPC,BR07,18,-422.83,-414.04,-426.09,-579.21,-573.53,-440.19,-447.0,-438.0,-439.0,-590.0,-596.0,-452.0,110.59,121.26,123.54,80.95,97.39,97.7,0.51,0.52,0.33,0.47,0.38,0.37,0.51,0.51,0.33,0.46,0.37,0.37,0.06,0.05,0.03,0.04,0.03,0.02,0.63,0.67,0.39,0.6,0.47,0.4,,,,,,,0,0,0,0,0,0,0.0,0.0,0.0,0.0,0.0,0.0,0.0,0.0,0.0,0.0,0.0,0.0,0.0,0.0,0.0,0.0,0.0,0.0,0.0,0.0,0.0,0.0,0.0,0.0,0.01,0.0,0.0,0.0,0.0,0.0,0.0,0.0,0.0,0.0,0.0,0.0,,,,,,,NA,NA,NA,NA,NA,NA,NA,NA,NA,NA,NA,NA,FALSE,FALSE,FALSE,FALSE,FALSE,FALSE,Lesion 18 Day 033 AA,Lesion 18 Day 046 AA,Lesion 18 Day 060 AA,Lesion 18 Day 074 AA,Lesion 18 Day 088 AA,Lesion 18 Day 102 AA
MOX,C508c,9,-182.31,-179.29,-185.21,-215.73,-226.59,-152.58,-131.77,-123.47,-119.47,-177.99,-204.44,-130.98,238.73,234.63,241.81,251.78,270.64,202.29,1.06,3.41,2.53,1.71,1.7,1.29,0.99,3.34,2.44,1.65,1.59,1.26,0.31,1.02,0.97,0.52,0.51,0.2,1.95,5.67,5.09,3.17,3.46,1.86,0.0,0.15,0.14,0.04,0.04,0.0,,,,,,,0.0,0.15,0.14,0.04,0.04,0.0,0.3,0.54,0.54,0.25,0.23,0.12,0.29,0.53,0.51,0.23,0.22,0.12,0.0,0.0,0.0,0.0,0.0,0.0,0.11,0.06,0.08,0.06,0.06,0.04,0.15,0.1,0.12,0.08,0.06,0.06,,,,,,,Cavity,Cavity,Cavity,Cavity,Cavity,Cavity,Cavity,Cavity,Cavity,Cavity,Cavity,Cavity,FALSE,FALSE,FALSE,FALSE,FALSE,FALSE,Lesion 09 Day 032 FG,Lesion 09 Day 046 FG,Lesion 09 Day 059 FG,Lesion 09 Day 073 FG,Lesion 09 Day 087 FG,Lesion 09 Day 101 FG
MOX,C508c,13,-333.9,-283.45,-265.13,-346.3,-407.36,-358.17,-350.44,-278.18,-252.09,-347.95,-444.0,-388.01,187.61,207.47,204.05,238.77,281.04,251.48,0.58,2.46,2.07,1.07,0.98,0.74,0.51,2.42,2.05,1.0,0.99,0.66,0.23,0.62,0.51,0.27,0.29,0.3,1.1,3.76,3.03,1.93,1.65,1.43,0.0,0.03,0.03,0.0,0.0,0.0,,,,,,,0.0,0.03,0.03,0.0,0.0,0.0,0.02,0.12,0.14,0.05,0.09,0.06,0.02,0.12,0.14,0.05,0.06,0.06,0.0,0.0,0.0,0.0,0.0,0.0,0.02,0.03,0.04,0.03,0.04,0.04,0.01,0.02,0.03,0.02,0.03,0.03,,,,,,,Cavity,Cavity,Cavity,Cavity,Cavity,Cavity,Cavity,Cavity,Cavity,Cavity,Cavity,Cavity,FALSE,FALSE,FALSE,FALSE,FALSE,FALSE,Lesion 13 Day 032 FG,Lesion 13 Day 046 FG,Lesion 13 Day 059 FG,Lesion 13 Day 073 FG,Lesion 13 Day 087 FG,Lesion 13 Day 101 FG
MOX,C508c,16,-767.13,-436.81,-289.05,-261.73,-354.04,-202.86,-785.73,-482.39,-298.98,-261.95,-358.05,-183.06,100.31,287.24,211.29,217.19,228.81,193.55,0.84,2.25,1.42,0.92,1.2,1.25,0.85,2.12,1.35,0.91,1.18,1.21,0.11,0.59,0.55,0.27,0.24,0.32,1.26,3.69,2.57,1.51,1.84,1.92,0.0,0.03,0.01,0.0,0.0,0.0,,,,,,,0.0,0.03,0.01,0.0,0.0,0.0,0.02,0.13,0.08,0.04,0.06,0.1,0.0,0.09,0.08,0.04,0.05,0.1,0.0,0.0,0.0,0.0,0.0,0.0,0.0,0.03,0.03,0.03,0.03,0.04,0.0,0.01,0.02,0.02,0.01,0.04,,,,,,,Cavity,Cavity,Cavity,Cavity,Cavity,Cavity,Cavity,Cavity,Cavity,Cavity,Cavity,Cavity,FALSE,FALSE,FALSE,FALSE,FALSE,FALSE,Lesion 16 Day 032 FG,Lesion 16 Day 046 FG,Lesion 16 Day 059 FG,Lesion 16 Day 073 FG,Lesion 16 Day 087 FG,Lesion 16 Day 101 FG
MOX,C508c,17,-458.89,-333.42,-331.47,-383.05,-313.16,-136.01,-468.03,-358.63,-351.94,-435.44,-314.06,-92.09,156.04,201.06,209.21,251.83,239.51,209.95,0.61,2.25,1.33,0.55,1.16,1.66,0.61,2.23,1.25,0.47,1.11,1.67,0.08,0.55,0.39,0.21,0.34,0.3,0.74,3.58,2.23,1.18,2.1,2.27,0.0,0.02,0.0,0.0,0.0,0.01,,,,,,,0.0,0.02,0.0,0.0,0.0,0.01,0.01,0.07,0.06,0.02,0.08,0.14,0.01,0.07,0.06,0.02,0.07,0.14,0.0,0.0,0.0,0.0,0.0,0.0,0.01,0.02,0.03,0.02,0.04,0.03,0.0,0.01,0.01,0.01,0.02,0.05,,,,,,,Cavity,Cavity,Cavity,Cavity,Cavity,Cavity,Cavity,Cavity,Cavity,Cavity,Cavity,Cavity,FALSE,FALSE,FALSE,FALSE,FALSE,FALSE,Lesion 17 Day 032 FG,Lesion 17 Day 046 FG,Lesion 17 Day 059 FG,Lesion 17 Day 073 FG,Lesion 17 Day 087 FG,Lesion 17 Day 101 FG
DLM,M289,8,-398.35,-330.96,-298.06,-380.62,-426.46,-626.39,-434.53,-310.88,-314.41,-414.5,-439.67,-652.64,188.71,252.18,212.54,193.77,147.7,125.84,0.5,1.13,0.92,0.98,0.82,0.78,0.49,1.13,0.89,0.97,0.83,0.8,0.1,0.37,0.29,0.17,0.13,0.09,0.79,2.09,1.45,1.24,1.07,0.96,0.0,0.0,0.0,0.0,0.0,0.0,,,,,,,0.0,0.0,0.0,0.0,0.0,0.0,0.01,0.03,0.01,0.01,0.01,0.0,0.01,0.03,0.01,0.01,0.0,0.0,0.0,0.0,0.0,0.0,0.0,0.0,0.01,0.01,0.01,0.01,0.0,0.0,0.0,0.01,0.0,0.0,0.0,0.0,,,,,,,NA,NA,NA,NA,NA,NA,NA,NA,NA,NA,NA,NA,FALSE,FALSE,FALSE,FALSE,FALSE,FALSE,Lesion 08 Day 034 FG,Lesion 08 Day 046 FG,Lesion 08 Day 061 FG,Lesion 08 Day 075 FG,Lesion 08 Day 089 FG,Lesion 08 Day 102 FG
EMB+MOX+PZA+RIF,M291,9,-69.06,-60.35,-40.98,-34.51,-33.77,-12.64,-41.0,-20.0,8.0,0.0,-1.0,4.0,133.32,145.48,144.84,125.15,126.79,85.21,1.23,1.33,1.27,1.21,1.14,1.34,1.2,1.31,1.25,1.21,1.12,1.31,0.23,0.31,0.27,0.19,0.19,0.21,1.83,1.92,1.92,1.64,1.72,1.87,0.01,0.02,0.01,0.0,0.0,0.01,0.01,0.02,0.01,0,0,0.01,0.0,0.0,0.0,0.0,0.0,0.0,0.07,0.07,0.03,0.05,0.07,0.07,0.07,0.07,0.03,0.05,0.06,0.07,0.00546448087431694,0.010416666666666668,0.005208333333333334,0.0,0.0,0.0053475935828877,0.01,0.01,0.0,0.0,0.01,0.0,0.05,0.04,0.02,0.03,0.05,0.05,,,,,,,NA,NA,NA,NA,NA,NA,NA,NA,NA,NA,NA,NA,FALSE,FALSE,FALSE,FALSE,FALSE,FALSE,Lesion 09 Day 032 AA,Lesion 09 Day 047 AA,Lesion 09 Day 059 AA,Lesion 09 Day 074 AA,Lesion 09 Day 086 AA,Lesion 09 Day 100 AA
